Description and notes:,,,,,,,,
Session Start Time:,Thu Jun 6 14:04:20 2024,,,,,,,
Duration (seconds):,834,,,,,,,
,[Note: All data except Raw IBI applies to the time offset.  Raw IBI is included for researchers.],,,,,,,
,,,,,,,,
,Low %,Medium %,High %,,,,,
,66,23,11,,,,,
Time Offset,HeartRate,Zone Score,Accum. Score,Coherence,Achievement,Artifact,EP,Raw IBI
0:00:00,62.5652,0,0,0,0,,0,800
0:00:00,65.7895,0,0,0.3,0.3,,0.37,792
0:00:01,68.1302,0,0,0.3,0.3,,0.37,729
0:00:01,70.943,0,0,0.3,0.3,,0.37,1104
0:00:02,73.4214,0,0,0.3,0.3,,0.37,800
0:00:02,78.7195,0,0,0.3,0.3,,0.37,1083
0:00:03,80.9935,0,0,0.3,0.3,,0.37,743
0:00:03,81.0154,0,0,0.3,0.3,,0.37,1033
0:00:04,78.7608,0,0,0.3,0.3,,0.37,885
0:00:04,76.3553,0,0,0.3,0.3,,0.37,1012
0:00:05,73.9645,1,1,0.7,1,,1.01,807
0:00:05,72.6041,1,1,0.7,1,,1.01,778
0:00:06,72.0981,1,1,0.7,1,,1.01,637
0:00:06,72.5865,1,1,0.7,1,,1.01,637
0:00:07,72.904,1,1,0.7,1,,1.01,771
0:00:07,73.692,1,1,0.7,1,,1.01,743
0:00:08,75.2823,1,1,0.7,1,,1.01,630
0:00:08,73.8007,1,1,0.7,1,,1.01,977
0:00:09,73.0105,1,1,0.7,1,,1.01,1040
0:00:09,71.9252,1,1,0.7,1,,1.01,785
0:00:10,70.2083,0,0,0.2,1.3,,0.28,1012
0:00:10,68.2594,0,0,0.2,1.3,,0.28,715
0:00:11,67.4916,0,0,0.2,1.3,,0.28,984
0:00:11,67.5524,0,0,0.2,1.3,,0.28,750
0:00:12,67.659,0,0,0.2,1.3,,0.28,969
0:00:12,67.7966,0,0,0.2,1.3,,0.28,715
0:00:13,66.6519,0,0,0.2,1.3,,0.28,658
0:00:13,66.4599,0,0,0.2,1.3,,0.28,998
0:00:14,65.331,0,0,0.2,1.3,,0.28,743
0:00:14,64.6134,0,0,0.2,1.3,,0.28,927
0:00:15,63.2378,0,0,0.2,1.5,,0.28,842
0:00:15,62.709,0,0,0.2,1.5,,0.28,1069
0:00:16,63.9522,0,0,0.2,1.5,,0.28,764
0:00:16,64.6552,0,0,0.2,1.5,,0.28,991
0:00:17,65.2032,0,0,0.2,1.5,,0.28,849
0:00:17,66.5927,0,0,0.2,1.5,,0.28,920
0:00:18,68.4932,0,0,0.2,1.5,,0.28,821
0:00:18,69.2042,0,0,0.2,1.5,,0.28,785
0:00:19,70.373,0,0,0.2,1.5,,0.28,807
0:00:19,72.8863,0,0,0.2,1.5,,0.28,651
0:00:20,76.297,0,0,0.4,1.9,,0.44,785
0:00:20,80.429,0,0,0.4,1.9,,0.44,757
0:00:21,85.0581,0,0,0.4,1.9,,0.44,1076
0:00:21,87.3108,0,0,0.4,1.9,,0.44,778
0:00:22,86.4055,0,0,0.4,1.9,,0.44,828
0:00:22,84.3407,0,0,0.4,1.9,,0.44,771
0:00:23,81.367,0,0,0.4,1.9,,0.44,807
0:00:23,78.125,0,0,0.4,1.9,,0.44,1054
0:00:24,76.5892,0,0,0.4,1.9,,0.44,785
0:00:24,75.8342,0,0,0.4,1.9,,0.44,1132
0:00:25,75.7384,0,0,0.3,2.2,,0.41,807
0:00:25,77.4793,0,0,0.3,2.2,,0.41,792
0:00:26,80.2998,0,0,0.3,2.2,,0.41,969
0:00:26,83.7287,0,0,0.3,2.2,,0.41,785
0:00:27,87.6937,0,0,0.3,2.2,,0.41,658
0:00:27,89.2326,0,0,0.3,2.2,,0.41,686
0:00:28,87.9507,0,0,0.3,2.2,,0.41,969
0:00:28,84.6979,0,0,0.3,2.2,,0.41,729
0:00:29,80.7754,0,0,0.3,2.2,,0.41,736
0:00:29,75.4907,0,0,0.3,2.2,,0.41,849
0:00:30,71.4456,0,0,0.2,2.4,,0.26,672
0:00:30,67.598,0,0,0.2,2.4,,0.26,594
0:00:31,64.433,0,0,0.2,2.4,,0.26,594
0:00:31,63.3446,0,0,0.2,2.4,,0.26,594
0:00:32,64.1026,0,0,0.2,2.4,,0.26,594
0:00:32,64.2398,0,0,0.2,2.4,,0.26,637
0:00:33,66.6223,0,0,0.2,2.4,,0.26,679
0:00:33,70.4722,0,0,0.2,2.4,,0.26,686
0:00:34,70.855,0,0,0.2,2.4,,0.26,736
0:00:34,69.4123,0,0,0.2,2.4,,0.26,764
0:00:35,70.8383,0,0,0.1,2.6,,0.14,849
0:00:35,71.2758,0,0,0.1,2.6,,0.14,757
0:00:36,69.3963,0,0,0.1,2.6,,0.14,623
0:00:36,70.6714,0,0,0.1,2.6,,0.14,700
0:00:37,72.3938,0,0,0.1,2.6,,0.14,743
0:00:37,72.4988,0,0,0.1,2.6,,0.14,623
0:00:38,71.7875,0,0,0.1,2.6,,0.14,955
0:00:38,74.184,0,0,0.1,2.6,,0.14,849
0:00:39,74.6826,0,0,0.1,2.6,,0.14,863
0:00:39,75.5477,0,0,0.1,2.6,,0.14,736
0:00:40,74.4971,1,1,0.7,3.3,,1.05,856
0:00:40,74.869,1,1,0.7,3.3,,1.05,672
0:00:41,74.2758,1,1,0.7,3.3,,1.05,785
0:00:41,72.7979,1,1,0.7,3.3,,1.05,778
0:00:42,70.9555,1,1,0.7,3.3,,1.05,630
0:00:42,71.3606,1,1,0.7,3.3,,1.05,743
0:00:43,70.7214,1,1,0.7,3.3,,1.05,757
0:00:43,69.5894,1,1,0.7,3.3,,1.05,700
0:00:44,69.9138,1,1,0.7,3.3,,1.05,750
0:00:44,70.555,1,1,0.7,3.3,,1.05,708
0:00:45,70.6547,1,2,0.7,4,,1.08,559
0:00:45,68.8705,1,2,0.7,4,,1.08,750
0:00:46,66.313,1,2,0.7,4,,1.08,637
0:00:46,65.4879,1,2,0.7,4,,1.08,693
0:00:47,65.1607,1,2,0.7,4,,1.08,736
0:00:47,65.0759,1,2,0.7,4,,1.08,743
0:00:48,65.5881,1,2,0.7,4,,1.08,715
0:00:48,67.3703,1,2,0.7,4,,1.08,665
0:00:49,67.5371,1,2,0.7,4,,1.08,559
0:00:49,67.7048,1,2,0.7,4,,1.08,615
0:00:50,67.8733,1,3,0.7,4.7,,0.99,601
0:00:50,69.1882,1,3,0.7,4.7,,0.99,693
0:00:51,70.1098,1,3,0.7,4.7,,0.99,672
0:00:51,70.7047,1,3,0.7,4.7,,0.99,531
0:00:52,70.9388,1,3,0.7,4.7,,0.99,608
0:00:52,70.9891,1,3,0.7,4.7,,0.99,785
0:00:53,70.8215,1,3,0.7,4.7,,0.99,991
0:00:53,70.5384,1,3,0.7,4.7,,0.99,729
0:00:54,70.4722,1,3,0.7,4.7,,0.99,608
0:00:54,70.5716,1,3,0.7,4.7,,0.99,750
0:00:55,70.0935,1,4,0.6,5.4,,0.9,792
0:00:55,69.5249,1,4,0.6,5.4,,0.9,778
0:00:56,68.918,1,4,0.6,5.4,,0.9,658
0:00:56,68.1663,1,4,0.6,5.4,,0.9,736
0:00:57,67.5371,1,4,0.6,5.4,,0.9,807
0:00:57,67.981,1,4,0.6,5.4,,0.9,715
0:00:58,68.8073,1,4,0.6,5.4,,0.9,658
0:00:58,69.3321,1,4,0.6,5.4,,0.9,658
0:00:59,70.5219,1,4,0.6,5.4,,0.9,814
0:00:59,71.8907,1,4,0.6,5.4,,0.9,637
0:01:00,72.904,2,5,1.1,6.5,,2.02,800
0:01:00,73.0816,2,5,1.1,6.5,,2.02,877
0:01:01,73.8734,2,5,1.1,6.5,,2.02,722
0:01:01,73.4934,2,5,1.1,6.5,,2.02,651
0:01:02,72.5514,2,5,1.1,6.5,,2.02,941
0:01:02,73.278,2,5,1.1,6.5,,2.02,764
0:01:03,75.5668,2,5,1.1,6.5,,2.02,1040
0:01:03,76.5697,2,5,1.1,6.5,,2.02,764
0:01:04,77.5194,2,5,1.1,6.5,,2.02,672
0:01:04,78.8644,2,5,1.1,6.5,,2.02,750
0:01:05,78.1657,2,7,1,7.4,,1.64,757
0:01:05,75.9109,2,7,1,7.4,,1.64,750
0:01:06,74.664,2,7,1,7.4,,1.64,736
0:01:06,74.7012,2,7,1,7.4,,1.64,750
0:01:07,74.1107,2,7,1,7.4,,1.64,821
0:01:07,73.3317,2,7,1,7.4,,1.64,715
0:01:08,73.0105,2,7,1,7.4,,1.64,665
0:01:08,70.855,2,7,1,7.4,,1.64,757
0:01:09,67.325,2,7,1,7.4,,1.64,778
0:01:09,66.2252,2,7,1,7.4,,1.64,771
0:01:10,65.6455,2,9,1.1,8.5,,1.86,792
0:01:10,65.3168,2,9,1.1,8.5,,1.86,814
0:01:11,66.8449,2,9,1.1,8.5,,1.86,807
0:01:11,69.4444,2,9,1.1,8.5,,1.86,785
0:01:12,70.4225,2,9,1.1,8.5,,1.86,814
0:01:12,71.0732,2,9,1.1,8.5,,1.86,729
0:01:13,71.5478,2,9,1.1,8.5,,1.86,693
0:01:13,72.4113,2,9,1.1,8.5,,1.86,814
0:01:14,73.5114,2,9,1.1,8.5,,1.86,792
0:01:14,74.239,2,9,1.1,8.5,,1.86,1104
0:01:15,74.7943,1,10,0.5,9,,0.67,821
0:01:15,73.0105,1,10,0.5,9,,0.67,927
0:01:16,72.0288,1,10,0.5,9,,0.67,870
0:01:16,71.4286,1,10,0.5,9,,0.67,835
0:01:17,71.3267,1,10,0.5,9,,0.67,686
0:01:17,68.6185,1,10,0.5,9,,0.67,1019
0:01:18,69.2521,1,10,0.5,9,,0.67,743
0:01:18,69.3963,1,10,0.5,9,,0.67,771
0:01:19,69.4123,1,10,0.5,9,,0.67,842
0:01:19,69.3642,1,10,0.5,9,,0.67,800
0:01:20,70.6714,0,9,0.3,9.3,,0.35,821
0:01:20,71.5308,0,9,0.3,9.3,,0.35,1146
0:01:21,72.1674,0,9,0.3,9.3,,0.35,800
0:01:21,71.7703,0,9,0.3,9.3,,0.35,842
0:01:22,71.0395,0,9,0.3,9.3,,0.35,708
0:01:22,71.7875,0,9,0.3,9.3,,0.35,679
0:01:23,73.2959,0,9,0.3,9.3,,0.35,1033
0:01:23,75.2445,0,9,0.3,9.3,,0.35,764
0:01:24,78.4109,0,9,0.3,9.3,,0.35,644
0:01:24,80.6452,0,9,0.3,9.3,,0.35,856
0:01:25,82.1918,0,8,0.4,9.7,,0.49,757
0:01:25,82.6674,0,8,0.4,9.7,,0.49,757
0:01:26,82.5991,0,8,0.4,9.7,,0.49,743
0:01:26,79.1766,0,8,0.4,9.7,,0.49,757
0:01:27,78.329,0,8,0.4,9.7,,0.49,828
0:01:27,78.6782,0,8,0.4,9.7,,0.49,729
0:01:28,78.329,0,8,0.4,9.7,,0.49,693
0:01:28,76.5306,0,8,0.4,9.7,,0.49,800
0:01:29,76.8246,0,8,0.4,9.7,,0.49,686
0:01:29,77.5394,0,8,0.4,9.7,,0.49,778
0:01:30,77.2201,1,9,0.6,10.3,,0.78,623
0:01:30,78.4929,1,9,0.6,10.3,,0.78,736
0:01:31,81.9001,1,9,0.6,10.3,,0.78,672
0:01:31,86.8056,1,9,0.6,10.3,,0.78,792
0:01:32,90.525,1,9,0.6,10.3,,0.78,863
0:01:32,93.8673,1,9,0.6,10.3,,0.78,955
0:01:33,94.0144,1,9,0.6,10.3,,0.78,757
0:01:33,93.4579,1,9,0.6,10.3,,0.78,729
0:01:34,91.9399,1,9,0.6,10.3,,0.78,969
0:01:34,90.036,1,9,0.6,10.3,,0.78,807
0:01:35,89.4454,0,8,0.5,10.7,,0.59,1083
0:01:35,89.4721,0,8,0.5,10.7,,0.59,800
0:01:36,89.0472,0,8,0.5,10.7,,0.59,849
0:01:36,88.9944,0,8,0.5,10.7,,0.59,672
0:01:37,88.8889,0,8,0.5,10.7,,0.59,800
0:01:37,88.0799,0,8,0.5,10.7,,0.59,736
0:01:38,86.9565,0,8,0.5,10.7,,0.59,920
0:01:38,85.2515,0,8,0.5,10.7,,0.59,743
0:01:39,83.7989,0,8,0.5,10.7,,0.59,679
0:01:39,82.6674,0,8,0.5,10.7,,0.59,736
0:01:40,82.4176,0,7,0.3,11.1,,0.4,977
0:01:40,81.0373,0,7,0.3,11.1,,0.4,686
0:01:41,79.4492,0,7,0.3,11.1,,0.4,771
0:01:41,78.4519,0,7,0.3,11.1,,0.4,828
0:01:42,77.7403,0,7,0.3,11.1,,0.4,665
0:01:42,76.9231,0,7,0.3,11.1,,0.4,580
0:01:43,78.7815,0,7,0.3,11.1,,0.4,757
0:01:43,82.2143,0,7,0.3,11.1,,0.4,906
0:01:44,84.5785,0,7,0.3,11.1,,0.4,785
0:01:44,86.3558,0,7,0.3,11.1,,0.4,736
0:01:45,87.5401,0,6,0.3,11.3,,0.3,955
0:01:45,86.7052,0,6,0.3,11.3,,0.3,743
0:01:46,84.8416,0,6,0.3,11.3,,0.3,757
0:01:46,84.8416,0,6,0.3,11.3,,0.3,764
0:01:47,85.7878,0,6,0.3,11.3,,0.3,693
0:01:47,83.6353,0,6,0.3,11.3,,0.3,913
0:01:48,80.1925,0,6,0.3,11.3,,0.3,828
0:01:48,77.4994,0,6,0.3,11.3,,0.3,821
0:01:49,74.7384,0,6,0.3,11.3,,0.3,842
0:01:49,72.0461,0,6,0.3,11.3,,0.3,750
0:01:50,72.2543,0,5,0.2,11.6,,0.28,722
0:01:50,74.0741,0,5,0.2,11.6,,0.28,849
0:01:51,75.8342,0,5,0.2,11.6,,0.28,715
0:01:51,76.9231,0,5,0.2,11.6,,0.28,991
0:01:52,77.0614,0,5,0.2,11.6,,0.28,764
0:01:52,76.3165,0,5,0.2,11.6,,0.28,821
0:01:53,75,0,5,0.2,11.6,,0.28,686
0:01:53,74.6083,0,5,0.2,11.6,,0.28,665
0:01:54,74.6454,0,5,0.2,11.6,,0.28,637
0:01:54,74.5527,0,5,0.2,11.6,,0.28,700
0:01:55,74.7943,0,4,0.2,11.8,,0.21,955
0:01:55,74.9813,0,4,0.2,11.8,,0.21,729
0:01:56,75.6811,0,4,0.2,11.8,,0.21,644
0:01:56,76.6675,0,4,0.2,11.8,,0.21,792
0:01:57,77.6598,0,4,0.2,11.8,,0.21,828
0:01:57,78.2269,0,4,0.2,11.8,,0.21,743
0:01:58,79.3231,0,4,0.2,11.8,,0.21,679
0:01:58,78.7608,0,4,0.2,11.8,,0.21,800
0:01:59,78.9058,0,4,0.2,11.8,,0.21,807
0:01:59,79.0514,0,4,0.2,11.8,,0.21,693
0:02:00,79.639,0,3,0.2,11.9,,0.18,998
0:02:00,80.0854,0,3,0.2,11.9,,0.18,736
0:02:01,80.6885,0,3,0.2,11.9,,0.18,700
0:02:01,79.7872,0,3,0.2,11.9,,0.18,969
0:02:02,79.7024,0,3,0.2,11.9,,0.18,750
0:02:02,79.6813,0,3,0.2,11.9,,0.18,962
0:02:03,79.7448,0,3,0.2,11.9,,0.18,750
0:02:03,79.639,0,3,0.2,11.9,,0.18,785
0:02:04,80.0427,0,3,0.2,11.9,,0.18,977
0:02:04,79.9148,0,3,0.2,11.9,,0.18,771
0:02:05,80.1282,0,2,0.2,12.1,,0.18,1040
0:02:05,80.2354,0,2,0.2,12.1,,0.18,743
0:02:06,80.819,0,2,0.2,12.1,,0.18,1062
0:02:06,81.0154,0,2,0.2,12.1,,0.18,792
0:02:07,83.5422,0,2,0.2,12.1,,0.18,984
0:02:07,87.2093,0,2,0.2,12.1,,0.18,729
0:02:08,89.7398,0,2,0.2,12.1,,0.18,835
0:02:08,90.4704,0,2,0.2,12.1,,0.18,792
0:02:09,90.2799,0,2,0.2,12.1,,0.18,1054
0:02:09,89.153,0,2,0.2,12.1,,0.18,708
0:02:10,86.881,0,1,0.2,12.3,,0.2,977
0:02:10,85.5188,0,1,0.2,12.3,,0.2,743
0:02:11,85.034,0,1,0.2,12.3,,0.2,821
0:02:11,84.8656,0,1,0.2,12.3,,0.2,736
0:02:12,83.8457,0,1,0.2,12.3,,0.2,736
0:02:12,83.1025,0,1,0.2,12.3,,0.2,736
0:02:13,83.5422,0,1,0.2,12.3,,0.2,630
0:02:13,84.0101,0,1,0.2,12.3,,0.2,679
0:02:14,86.4803,0,1,0.2,12.3,,0.2,700
0:02:14,89.0736,0,1,0.2,12.3,,0.2,771
0:02:15,91.9963,0,0,0.2,12.5,,0.21,849
0:02:15,94.4882,0,0,0.2,12.5,,0.21,835
0:02:16,96.5562,0,0,0.2,12.5,,0.21,771
0:02:16,95.9693,0,0,0.2,12.5,,0.21,998
0:02:17,94.518,0,0,0.2,12.5,,0.21,941
0:02:17,92.5926,0,0,0.2,12.5,,0.21,757
0:02:18,90.4977,0,0,0.2,12.5,,0.21,1026
0:02:18,89.3921,0,0,0.2,12.5,,0.21,672
0:02:19,88.7574,0,0,0.2,12.5,,0.21,969
0:02:19,88.7049,0,0,0.2,12.5,,0.21,729
0:02:20,90.7441,0,0,0.1,12.6,,0.09,778
0:02:20,94.0144,0,0,0.1,12.6,,0.09,792
0:02:21,95.6938,0,0,0.1,12.6,,0.09,1040
0:02:21,97.561,0,0,0.1,12.6,,0.09,630
0:02:22,99.5685,0,0,0.1,12.6,,0.09,608
0:02:22,98.0713,0,0,0.1,12.6,,0.09,665
0:02:23,93.4871,0,0,0.1,12.6,,0.09,700
0:02:23,89.8473,0,0,0.1,12.6,,0.09,757
0:02:24,85.9107,0,0,0.1,12.6,,0.09,722
0:02:24,82.8958,0,0,0.1,12.6,,0.09,814
0:02:25,81.1908,0,0,0,12.6,,0.03,587
0:02:25,78.2065,0,0,0,12.6,,0.03,715
0:02:26,74.813,0,0,0,12.6,,0.03,700
0:02:26,73.7282,0,0,0,12.6,,0.03,736
0:02:27,74.1107,0,0,0,12.6,,0.03,665
0:02:27,75.2634,0,0,0,12.6,,0.03,644
0:02:28,78.2269,0,0,0,12.6,,0.03,665
0:02:28,81.9672,0,0,0,12.6,,0.03,672
0:02:29,83.2408,0,0,0,12.6,,0.03,736
0:02:29,81.9448,0,0,0,12.6,,0.03,771
0:02:30,80.7537,0,0,0.1,12.7,,0.06,750
0:02:30,81.1688,0,0,0.1,12.7,,0.06,750
0:02:31,82.012,0,0,0.1,12.7,,0.06,658
0:02:31,82.2594,0,0,0.1,12.7,,0.06,743
0:02:32,82.0569,0,0,0.1,12.7,,0.06,708
0:02:32,81.3229,0,0,0.1,12.7,,0.06,715
0:02:33,80.9717,0,0,0.1,12.7,,0.06,623
0:02:33,81.6549,0,0,0.1,12.7,,0.06,750
0:02:34,83.7054,0,0,0.1,12.7,,0.06,757
0:02:34,86.6051,0,0,0.1,12.7,,0.06,750
0:02:35,87.9765,0,0,0.2,12.8,,0.19,736
0:02:35,86.6802,0,0,0.2,12.8,,0.19,729
0:02:36,84.1515,0,0,0.2,12.8,,0.19,863
0:02:36,83.1947,0,0,0.2,12.8,,0.19,814
0:02:37,82.9646,0,0,0.2,12.8,,0.19,644
0:02:37,82.6446,0,0,0.2,12.8,,0.19,792
0:02:38,83.2639,0,0,0.2,12.8,,0.19,665
0:02:38,83.7521,0,0,0.2,12.8,,0.19,672
0:02:39,82.1243,0,0,0.2,12.8,,0.19,715
0:02:39,79.8297,0,0,0.2,12.8,,0.19,538
0:02:40,78.4109,0,0,0.3,13.1,,0.3,778
0:02:40,76.4137,0,0,0.3,13.1,,0.3,792
0:02:41,76.2002,0,0,0.3,13.1,,0.3,814
0:02:41,76.8443,0,0,0.3,13.1,,0.3,792
0:02:42,77.7001,0,0,0.3,13.1,,0.3,651
0:02:42,78.6988,0,0,0.3,13.1,,0.3,715
0:02:43,80.0854,0,0,0.3,13.1,,0.3,700
0:02:43,81.5661,0,0,0.3,13.1,,0.3,708
0:02:44,83.1486,0,0,0.3,13.1,,0.3,715
0:02:44,81.4775,0,0,0.3,13.1,,0.3,708
0:02:45,78.3494,0,0,0.3,13.3,,0.3,792
0:02:45,77.1803,0,0,0.3,13.3,,0.3,807
0:02:46,75.5287,0,0,0.3,13.3,,0.3,764
0:02:46,71.2758,0,0,0.3,13.3,,0.3,877
0:02:47,70.7714,0,0,0.3,13.3,,0.3,778
0:02:47,72.0288,0,0,0.3,13.3,,0.3,1019
0:02:48,73.4934,0,0,0.3,13.3,,0.3,807
0:02:48,74.3679,0,0,0.3,13.3,,0.3,1076
0:02:49,77.6197,0,0,0.3,13.3,,0.3,800
0:02:49,79.4281,0,0,0.3,13.3,,0.3,764
0:02:50,80.5153,0,0,0.2,13.6,,0.24,800
0:02:50,80.2139,0,0,0.2,13.6,,0.24,821
0:02:51,80.2139,0,0,0.2,13.6,,0.24,715
0:02:51,80.2139,0,0,0.2,13.6,,0.24,828
0:02:52,80.2783,0,0,0.2,13.6,,0.24,807
0:02:52,80.2998,0,0,0.2,13.6,,0.24,1146
0:02:53,79.9361,0,0,0.2,13.6,,0.24,828
0:02:53,78.8644,0,0,0.2,13.6,,0.24,807
0:02:54,77.6197,0,0,0.2,13.6,,0.24,821
0:02:54,77.3595,0,0,0.2,13.6,,0.24,828
0:02:55,78.0843,0,0,0.4,13.9,,0.42,821
0:02:55,79.7024,0,0,0.4,13.9,,0.42,778
0:02:56,80.9498,0,0,0.4,13.9,,0.42,1026
0:02:56,81.9896,0,0,0.4,13.9,,0.42,743
0:02:57,82.0569,0,0,0.4,13.9,,0.42,658
0:02:57,81.0811,0,0,0.4,13.9,,0.42,955
0:02:58,79.2393,0,0,0.4,13.9,,0.42,792
0:02:58,78.2473,0,0,0.4,13.9,,0.42,651
0:02:59,77.4593,0,0,0.4,13.9,,0.42,778
0:02:59,76.5111,0,0,0.4,13.9,,0.42,807
0:03:00,75.4907,0,0,0.2,14.1,,0.21,800
0:03:00,74.7943,0,0,0.2,14.1,,0.21,651
0:03:01,74.0558,0,0,0.2,14.1,,0.21,785
0:03:01,74.0192,0,0,0.2,14.1,,0.21,658
0:03:02,74.331,0,0,0.2,14.1,,0.21,743
0:03:02,74.8877,0,0,0.2,14.1,,0.21,644
0:03:03,75.3769,0,0,0.2,14.1,,0.21,686
0:03:03,76.0456,0,0,0.2,14.1,,0.21,672
0:03:04,76.0456,0,0,0.2,14.1,,0.21,630
0:03:04,75.7002,0,0,0.2,14.1,,0.21,750
0:03:05,75.188,0,0,0.2,14.3,,0.23,863
0:03:05,75,0,0,0.2,14.3,,0.23,778
0:03:06,74.9813,0,0,0.2,14.3,,0.23,750
0:03:06,75.2445,0,0,0.2,14.3,,0.23,828
0:03:07,75.2257,0,0,0.2,14.3,,0.23,722
0:03:07,75.1503,0,0,0.2,14.3,,0.23,842
0:03:08,74.8503,0,0,0.2,14.3,,0.23,722
0:03:08,75.2257,0,0,0.2,14.3,,0.23,814
0:03:09,76.297,0,0,0.2,14.3,,0.23,998
0:03:09,78.2065,0,0,0.2,14.3,,0.23,771
0:03:10,80.4937,0,0,0.3,14.6,,0.29,800
0:03:10,81.6327,0,0,0.3,14.6,,0.29,1083
0:03:11,81.2568,0,0,0.3,14.6,,0.29,778
0:03:11,79.766,0,0,0.3,14.6,,0.29,1019
0:03:12,77.8008,0,0,0.3,14.6,,0.29,800
0:03:12,75.4907,0,0,0.3,14.6,,0.29,892
0:03:13,74.6269,0,0,0.3,14.6,,0.29,757
0:03:13,74.4048,0,0,0.3,14.6,,0.29,1026
0:03:14,71.7189,0,0,0.3,14.6,,0.29,665
0:03:14,68.1354,0,0,0.3,14.6,,0.29,991
0:03:15,66.5631,0,0,0.4,14.9,,0.43,708
0:03:15,65.6024,0,0,0.4,14.9,,0.43,877
0:03:16,64.1986,0,0,0.4,14.9,,0.43,764
0:03:16,64.7249,0,0,0.4,14.9,,0.43,962
0:03:17,66.6815,0,0,0.4,14.9,,0.43,715
0:03:17,67.598,0,0,0.4,14.9,,0.43,785
0:03:18,67.9502,0,0,0.4,14.9,,0.43,1104
0:03:18,70.0444,0,0,0.4,14.9,,0.43,743
0:03:19,73.2422,0,0,0.4,14.9,,0.43,615
0:03:19,73.5835,0,0,0.4,14.9,,0.43,785
0:03:20,73.4574,0,0,0.5,15.4,,0.57,1097
0:03:20,73.0994,0,0,0.5,15.4,,0.57,821
0:03:21,72.4113,0,0,0.5,15.4,,0.57,651
0:03:21,71.582,0,0,0.5,15.4,,0.57,800
0:03:22,72.7096,0,0,0.5,15.4,,0.57,679
0:03:22,74.1656,0,0,0.5,15.4,,0.57,1069
0:03:23,75.8342,0,0,0.5,15.4,,0.57,771
0:03:23,76.4331,0,0,0.5,15.4,,0.57,1076
0:03:24,75.7384,0,0,0.5,15.4,,0.57,757
0:03:24,75.1503,0,0,0.5,15.4,,0.57,771
0:03:25,73.9827,0,0,0.4,15.8,,0.48,807
0:03:25,72.7802,0,0,0.4,15.8,,0.48,785
0:03:26,71.582,0,0,0.4,15.8,,0.48,778
0:03:26,70.9723,0,0,0.4,15.8,,0.48,785
0:03:27,70.8215,0,0,0.4,15.8,,0.48,785
0:03:27,71.3097,0,0,0.4,15.8,,0.48,778
0:03:28,71.9252,0,0,0.4,15.8,,0.48,821
0:03:28,72.0634,0,0,0.4,15.8,,0.48,785
0:03:29,72.0288,0,0,0.4,15.8,,0.48,1083
0:03:29,72.2543,0,0,0.4,15.8,,0.48,708
0:03:30,72.1848,1,1,1.1,16.8,,1.93,764
0:03:30,69.2681,1,1,1.1,16.8,,1.93,743
0:03:31,65.775,1,1,1.1,16.8,,1.93,821
0:03:31,64.5717,1,1,1.1,16.8,,1.93,885
0:03:32,64.13,1,1,1.1,16.8,,1.93,750
0:03:32,63.4384,1,1,1.1,16.8,,1.93,991
0:03:33,64.8368,1,1,1.1,16.8,,1.93,693
0:03:33,67.8119,1,1,1.1,16.8,,1.93,700
0:03:34,70.159,1,1,1.1,16.8,,1.93,658
0:03:34,70.738,1,1,1.1,16.8,,1.93,764
0:03:35,71.1406,2,2,1.6,18.4,,3.91,651
0:03:35,73.1886,2,2,1.6,18.4,,3.91,665
0:03:36,74.331,2,2,1.6,18.4,,3.91,792
0:03:36,73.7463,2,2,1.6,18.4,,3.91,665
0:03:37,72.0807,2,2,1.6,18.4,,3.91,800
0:03:37,69.979,2,2,1.6,18.4,,3.91,665
0:03:38,68.306,2,2,1.6,18.4,,3.91,792
0:03:38,67.4916,2,2,1.6,18.4,,3.91,835
0:03:39,67.2194,2,2,1.6,18.4,,3.91,1118
0:03:39,70.1426,2,2,1.6,18.4,,3.91,828
0:03:40,75.2068,2,4,1.7,20.1,,4.35,1132
0:03:40,79.2602,2,4,1.7,20.1,,4.35,800
0:03:41,82.1018,2,4,1.7,20.1,,4.35,679
0:03:41,84.0572,2,4,1.7,20.1,,4.35,750
0:03:42,82.5764,2,4,1.7,20.1,,4.35,814
0:03:42,80.6018,2,4,1.7,20.1,,4.35,686
0:03:43,78.4724,2,4,1.7,20.1,,4.35,757
0:03:43,77.6598,2,4,1.7,20.1,,4.35,1083
0:03:44,77.6197,2,4,1.7,20.1,,4.35,722
0:03:44,78.7608,2,4,1.7,20.1,,4.35,913
0:03:45,79.3441,2,6,1.1,21.2,,2.06,778
0:03:45,79.639,2,6,1.1,21.2,,2.06,615
0:03:46,79.4492,2,6,1.1,21.2,,2.06,594
0:03:46,78.8644,2,6,1.1,21.2,,2.06,651
0:03:47,77.7001,2,6,1.1,21.2,,2.06,693
0:03:47,77.4194,2,6,1.1,21.2,,2.06,679
0:03:48,77.5595,2,6,1.1,21.2,,2.06,708
0:03:48,78.5958,2,6,1.1,21.2,,2.06,708
0:03:49,80.1496,2,6,1.1,21.2,,2.06,849
0:03:49,81.3449,2,6,1.1,21.2,,2.06,955
0:03:50,81.2568,1,7,0.6,21.8,,0.85,856
0:03:50,80.429,1,7,0.6,21.8,,0.85,913
0:03:51,80.1068,1,7,0.6,21.8,,0.85,828
0:03:51,80.0213,1,7,0.6,21.8,,0.85,969
0:03:52,81.1249,1,7,0.6,21.8,,0.85,998
0:03:52,81.6104,1,7,0.6,21.8,,0.85,729
0:03:53,82.1018,1,7,0.6,21.8,,0.85,1083
0:03:53,83.0565,1,7,0.6,21.8,,0.85,778
0:03:54,84.2697,1,7,0.6,21.8,,0.85,785
0:03:54,85.6653,1,7,0.6,21.8,,0.85,658
0:03:55,88.6263,0,6,0.3,22.2,,0.38,842
0:03:55,92.3361,0,6,0.3,22.2,,0.38,658
0:03:56,91.8836,0,6,0.3,22.2,,0.38,672
0:03:56,90.1172,0,6,0.3,22.2,,0.38,736
0:03:57,88.6001,0,6,0.3,22.2,,0.38,1069
0:03:57,85.4701,0,6,0.3,22.2,,0.38,969
0:03:58,81.8107,0,6,0.3,22.2,,0.38,722
0:03:58,80.0854,0,6,0.3,22.2,,0.38,686
0:03:59,77.9423,0,6,0.3,22.2,,0.38,672
0:03:59,75.0751,0,6,0.3,22.2,,0.38,587
0:04:00,72.4638,0,5,0.2,22.4,,0.22,778
0:04:00,70.0444,0,5,0.2,22.4,,0.22,708
0:04:01,69.1722,0,5,0.2,22.4,,0.22,792
0:04:01,69.8162,0,5,0.2,22.4,,0.22,658
0:04:02,71.2589,0,5,0.2,22.4,,0.22,785
0:04:02,71.8735,0,5,0.2,22.4,,0.22,842
0:04:03,72.0634,0,5,0.2,22.4,,0.22,835
0:04:03,71.736,0,5,0.2,22.4,,0.22,722
0:04:04,70.9052,0,5,0.2,22.4,,0.22,800
0:04:04,67.6895,0,5,0.2,22.4,,0.22,821
0:04:05,65.3737,0,4,0.1,22.5,,0.13,800
0:04:05,65.4593,0,4,0.1,22.5,,0.13,800
0:04:06,65.189,0,4,0.1,22.5,,0.13,757
0:04:06,64.7529,0,4,0.1,22.5,,0.13,807
0:04:07,66.1959,0,4,0.1,22.5,,0.13,771
0:04:07,68.7285,0,4,0.1,22.5,,0.13,835
0:04:08,69.7837,0,4,0.1,22.5,,0.13,842
0:04:08,71.8219,0,4,0.1,22.5,,0.13,729
0:04:09,74.4971,0,4,0.1,22.5,,0.13,778
0:04:09,77.6598,0,4,0.1,22.5,,0.13,637
0:04:10,79.5123,0,3,0.1,22.6,,0.1,807
0:04:10,80.8625,0,3,0.1,22.6,,0.1,658
0:04:11,80.171,0,3,0.1,22.6,,0.1,757
0:04:11,79.1557,0,3,0.1,22.6,,0.1,637
0:04:12,78.0031,0,3,0.1,22.6,,0.1,615
0:04:12,77.3395,0,3,0.1,22.6,,0.1,693
0:04:13,76.5697,0,3,0.1,22.6,,0.1,538
0:04:13,76.746,0,3,0.1,22.6,,0.1,870
0:04:14,77.3994,0,3,0.1,22.6,,0.1,792
0:04:14,77.2201,0,3,0.1,22.6,,0.1,594
0:04:15,77.7001,0,2,0.1,22.7,,0.12,722
0:04:15,78.6576,0,2,0.1,22.7,,0.12,715
0:04:16,78.9474,0,2,0.1,22.7,,0.12,651
0:04:16,78.5135,0,2,0.1,22.7,,0.12,821
0:04:17,78.8229,0,2,0.1,22.7,,0.12,778
0:04:17,79.5123,0,2,0.1,22.7,,0.12,807
0:04:18,80.2783,0,2,0.1,22.7,,0.12,814
0:04:18,80.8625,0,2,0.1,22.7,,0.12,885
0:04:19,80.4074,0,2,0.1,22.7,,0.12,686
0:04:19,79.4492,0,2,0.1,22.7,,0.12,969
0:04:20,76.5501,0,1,0.3,23,,0.4,792
0:04:20,75.643,0,1,0.3,23,,0.4,842
0:04:21,75.7384,0,1,0.3,23,,0.4,998
0:04:21,76.1035,0,1,0.3,23,,0.4,729
0:04:22,76.0649,0,1,0.3,23,,0.4,594
0:04:22,77.4994,0,1,0.3,23,,0.4,587
0:04:23,78.4519,0,1,0.3,23,,0.4,665
0:04:23,77.9828,0,1,0.3,23,,0.4,743
0:04:24,77.8412,0,1,0.3,23,,0.4,722
0:04:24,80.3428,0,1,0.3,23,,0.4,771
0:04:25,82.4629,0,0,0.1,23.1,,0.08,807
0:04:25,82.85,0,0,0.1,23.1,,0.08,814
0:04:26,83.6587,0,0,0.1,23.1,,0.08,658
0:04:26,82.4176,0,0,0.1,23.1,,0.08,679
0:04:27,78.329,0,0,0.1,23.1,,0.08,722
0:04:27,76.1615,0,0,0.1,23.1,,0.08,792
0:04:28,75,0,0,0.1,23.1,,0.08,750
0:04:28,74.3126,0,0,0.1,23.1,,0.08,800
0:04:29,75.7002,0,0,0.1,23.1,,0.08,969
0:04:29,78.1047,0,0,0.1,23.1,,0.08,764
0:04:30,79.8722,0,0,0.1,23.2,,0.11,778
0:04:30,80.819,0,0,0.1,23.2,,0.11,708
0:04:31,78.9889,0,0,0.1,23.2,,0.11,623
0:04:31,75.7959,0,0,0.1,23.2,,0.11,686
0:04:32,74.239,0,0,0.1,23.2,,0.11,998
0:04:32,73.2959,0,0,0.1,23.2,,0.11,1097
0:04:33,72.6568,0,0,0.1,23.2,,0.11,757
0:04:33,74.0558,0,0,0.1,23.2,,0.11,977
0:04:34,76.5892,0,0,0.1,23.2,,0.11,778
0:04:34,77.8412,0,0,0.1,23.2,,0.11,1083
0:04:35,78.5546,1,1,0.8,24,,1.29,785
0:04:35,78.9889,1,1,0.8,24,,1.29,722
0:04:36,79.0931,1,1,0.8,24,,1.29,1132
0:04:36,79.8935,1,1,0.8,24,,1.29,800
0:04:37,79.8297,1,1,0.8,24,,1.29,1054
0:04:37,79.4913,1,1,0.8,24,,1.29,778
0:04:38,79.0306,1,1,0.8,24,,1.29,651
0:04:38,77.3994,1,1,0.8,24,,1.29,708
0:04:39,74.5156,1,1,0.8,24,,1.29,686
0:04:39,72.8509,0,0,0.1,24.2,,0.13,863
0:04:40,71.6846,0,0,0.1,24.2,,0.13,608
0:04:40,70.7547,0,0,0.1,24.2,,0.13,715
0:04:41,70.8885,0,0,0.1,24.2,,0.13,771
0:04:41,71.5649,0,0,0.1,24.2,,0.13,722
0:04:42,72.5865,0,0,0.1,24.2,,0.13,750
0:04:42,74.001,0,0,0.1,24.2,,0.13,835
0:04:43,75.662,0,0,0.1,24.2,,0.13,877
0:04:43,76.4526,0,0,0.1,24.2,,0.13,778
0:04:44,78.125,0,0,0.1,24.2,,0.13,686
0:04:44,79.3651,0,0,0.1,24.3,,0.13,835
0:04:45,77.24,0,0,0.1,24.3,,0.13,757
0:04:45,73.7101,0,0,0.1,24.3,,0.13,757
0:04:46,72.7979,0,0,0.1,24.3,,0.13,792
0:04:46,71.9252,0,0,0.1,24.3,,0.13,651
0:04:47,70.7881,0,0,0.1,24.3,,0.13,1012
0:04:47,71.8391,0,0,0.1,24.3,,0.13,750
0:04:48,73.8916,0,0,0.1,24.3,,0.13,814
0:04:48,75.7002,0,0,0.1,24.3,,0.13,679
0:04:49,77.6197,0,0,0.1,24.3,,0.13,764
0:04:49,80.0213,0,0,0.1,24.4,,0.14,800
0:04:50,83.1025,0,0,0.1,24.4,,0.14,856
0:04:50,86.2069,0,0,0.1,24.4,,0.14,1069
0:04:51,87.668,0,0,0.1,24.4,,0.14,807
0:04:51,84.7937,0,0,0.1,24.4,,0.14,715
0:04:52,82.6902,0,0,0.1,24.4,,0.14,750
0:04:52,80.1925,0,0,0.1,24.4,,0.14,863
0:04:53,78.2473,0,0,0.1,24.4,,0.14,828
0:04:53,76.7656,0,0,0.1,24.4,,0.14,1019
0:04:54,79.1557,0,0,0.1,24.4,,0.14,764
0:04:54,79.7236,0,0,0.2,24.6,,0.18,651
0:04:55,79.8085,0,0,0.2,24.6,,0.18,941
0:04:55,79.639,0,0,0.2,24.6,,0.18,771
0:04:56,79.766,0,0,0.2,24.6,,0.18,729
0:04:56,78.8644,0,0,0.2,24.6,,0.18,1033
0:04:57,78.064,0,0,0.2,24.6,,0.18,651
0:04:57,78.1657,0,0,0.2,24.6,,0.18,644
0:04:58,79.3861,0,0,0.2,24.6,,0.18,757
0:04:58,80.6235,0,0,0.2,24.6,,0.18,594
0:04:59,81.9001,0,0,0.2,24.6,,0.18,573
0:04:59,83.3797,0,0,0.3,24.9,,0.31,658
0:05:00,83.4725,0,0,0.3,24.9,,0.31,899
0:05:00,82.1468,0,0,0.3,24.9,,0.31,807
0:05:01,80.171,0,0,0.3,24.9,,0.31,877
0:05:01,78.1657,0,0,0.3,24.9,,0.31,693
0:05:02,76.6871,0,0,0.3,24.9,,0.31,962
0:05:02,75.9109,0,0,0.3,24.9,,0.31,580
0:05:03,76.5501,0,0,0.3,24.9,,0.31,800
0:05:03,77.9423,0,0,0.3,24.9,,0.31,729
0:05:04,76.4721,0,0,0.3,24.9,,0.31,828
0:05:04,76.4526,0,0,0.4,25.3,,0.56,693
0:05:05,77.1407,0,0,0.4,25.3,,0.56,814
0:05:05,77.4194,0,0,0.4,25.3,,0.56,835
0:05:06,74.8877,0,0,0.4,25.3,,0.56,821
0:05:06,73.9463,0,0,0.4,25.3,,0.56,771
0:05:07,73.3496,0,0,0.4,25.3,,0.56,771
0:05:07,72.9217,0,0,0.4,25.3,,0.56,1047
0:05:08,70.4722,0,0,0.4,25.3,,0.56,771
0:05:08,71.1069,0,0,0.4,25.3,,0.56,1118
0:05:09,72.7802,0,0,0.4,25.3,,0.56,807
0:05:09,73.0816,0,0,0.4,25.7,,0.56,1132
0:05:10,72.6744,0,0,0.4,25.7,,0.56,672
0:05:10,74.0375,0,0,0.4,25.7,,0.56,778
0:05:11,74.2023,0,0,0.4,25.7,,0.56,941
0:05:11,74.331,0,0,0.4,25.7,,0.56,785
0:05:12,74.5898,0,0,0.4,25.7,,0.56,651
0:05:12,74.9813,0,0,0.4,25.7,,0.56,729
0:05:13,75.2068,0,0,0.4,25.7,,0.56,743
0:05:13,73.7644,0,0,0.4,25.7,,0.56,729
0:05:14,71.599,0,0,0.4,25.7,,0.56,785
0:05:14,70.738,1,1,0.5,26.3,,0.69,608
0:05:15,70.4391,1,1,0.5,26.3,,0.69,1040
0:05:15,68.2439,1,1,0.5,26.3,,0.69,792
0:05:16,66.726,1,1,0.5,26.3,,0.69,608
0:05:16,67.7354,1,1,0.5,26.3,,0.69,722
0:05:17,68.4775,1,1,0.5,26.3,,0.69,920
0:05:17,66.6223,1,1,0.5,26.3,,0.69,743
0:05:18,67.5676,1,1,0.5,26.3,,0.69,750
0:05:18,70.0117,1,1,0.5,26.3,,0.69,941
0:05:19,69.3161,1,1,0.5,26.3,,0.69,708
0:05:19,67.1141,0,0,0.3,26.6,,0.35,679
0:05:20,68.5871,0,0,0.3,26.6,,0.35,906
0:05:20,69.8649,0,0,0.3,26.6,,0.35,1005
0:05:21,70.0444,0,0,0.3,26.6,,0.35,778
0:05:21,71.242,0,0,0.3,26.6,,0.35,630
0:05:22,73.1529,0,0,0.3,26.6,,0.35,722
0:05:22,72.904,0,0,0.3,26.6,,0.35,785
0:05:23,71.582,0,0,0.3,26.6,,0.35,700
0:05:23,70.9555,0,0,0.3,26.6,,0.35,863
0:05:24,70.6714,0,0,0.3,26.6,,0.35,672
0:05:24,70.8885,0,0,0.1,26.7,,0.11,792
0:05:25,71.0732,0,0,0.1,26.7,,0.11,842
0:05:25,71.242,0,0,0.1,26.7,,0.11,969
0:05:26,69.6217,0,0,0.1,26.7,,0.11,771
0:05:26,67.2495,0,0,0.1,26.7,,0.11,644
0:05:27,66.7408,0,0,0.1,26.7,,0.11,700
0:05:27,67.6133,0,0,0.1,26.7,,0.11,764
0:05:28,67.1441,0,0,0.1,26.7,,0.11,743
0:05:28,69.3161,0,0,0.1,26.7,,0.11,757
0:05:29,73.1172,0,0,0.1,26.7,,0.11,863
0:05:29,74.8503,0,0,0,26.7,,0.05,870
0:05:30,74.4232,0,0,0,26.7,,0.05,708
0:05:30,75.6811,0,0,0,26.7,,0.05,885
0:05:31,75.5858,0,0,0,26.7,,0.05,807
0:05:31,75.6048,0,0,0,26.7,,0.05,835
0:05:32,75.6811,0,0,0,26.7,,0.05,
0:05:32,76.8049,0,0,0,26.7,,0.05,
0:05:33,78.2269,0,0,0,26.7,,0.05,
0:05:33,78.8229,0,0,0,26.7,,0.05,
0:05:34,79.1348,0,0,0,26.7,,0.05,
0:05:34,80.429,0,0,0,26.8,,0.05,
0:05:35,82.282,0,0,0,26.8,,0.05,
0:05:35,83.9161,0,0,0,26.8,,0.05,
0:05:36,86.3807,0,0,0,26.8,,0.05,
0:05:36,88.1316,0,0,0,26.8,,0.05,
0:05:37,87.2093,0,0,0,26.8,,0.05,
0:05:37,85.0099,0,0,0,26.8,,0.05,
0:05:38,82.7586,0,0,0,26.8,,0.05,
0:05:38,80.7972,0,0,0,26.8,,0.05,
0:05:39,78.2881,0,0,0,26.8,,0.05,
0:05:39,76.3165,0,0,0,26.8,,0.05,
0:05:40,75.0563,0,0,0,26.8,,0.05,
0:05:40,73.9463,0,0,0,26.8,,0.05,
0:05:41,72.9217,0,0,0,26.8,,0.05,
0:05:41,73.1172,0,0,0,26.8,,0.05,
0:05:42,73.928,0,0,0,26.8,,0.05,
0:05:42,72.6041,0,0,0,26.8,,0.05,
0:05:43,71.9424,0,0,0,26.8,,0.05,
0:05:43,71.7017,0,0,0,26.8,,0.05,
0:05:44,71.1238,0,0,0,26.8,,0.05,
0:05:44,69.4444,0,0,0.1,26.9,,0.06,
0:05:45,69.0767,0,0,0.1,26.9,,0.06,
0:05:45,69.541,0,0,0.1,26.9,,0.06,
0:05:46,70.3235,0,0,0.1,26.9,,0.06,
0:05:46,69.0767,0,0,0.1,26.9,,0.06,
0:05:47,69.2681,0,0,0.1,26.9,,0.06,
0:05:47,71.599,0,0,0.1,26.9,,0.06,
0:05:48,73.5835,0,0,0.1,26.9,,0.06,
0:05:48,72.7096,0,0,0.1,26.9,,0.06,
0:05:49,72.7802,0,0,0.1,26.9,,0.06,
0:05:49,73.8007,0,0,0,26.9,,0.04,
0:05:50,73.3496,0,0,0,26.9,,0.04,
0:05:50,72.1848,0,0,0,26.9,,0.04,
0:05:51,73.1529,0,0,0,26.9,,0.04,
0:05:51,75.2823,0,0,0,26.9,,0.04,
0:05:52,73.4934,0,0,0,26.9,,0.04,
0:05:52,72.1501,0,0,0,26.9,,0.04,
0:05:53,71.1575,0,0,0,26.9,,0.04,
0:05:53,70.4556,0,0,0,26.9,,0.04,
0:05:54,71.4626,0,0,0,26.9,,0.04,
0:05:54,74.3126,0,0,0.1,27,,0.1,
0:05:55,78.0437,0,0,0.1,27,,0.1,
0:05:55,81.7216,0,0,0.1,27,,0.1,
0:05:56,85.5188,0,0,0.1,27,,0.1,
0:05:56,86.6802,0,0,0.1,27,,0.1,
0:05:57,87.5401,0,0,0.1,27,,0.1,
0:05:57,86.1079,0,0,0.1,27,,0.1,
0:05:58,84.7218,0,0,0.1,27,,0.1,
0:05:58,83.3797,0,0,0.1,27,,0.1,
0:05:59,82.3949,0,0,0.1,27,,0.1,
0:05:59,82.2143,0,0,0,27,,0.02,
0:06:00,81.4775,0,0,0,27,,0.02,
0:06:00,82.6219,0,0,0,27,,0.02,
0:06:01,84.7937,0,0,0,27,,0.02,
0:06:01,85.7633,0,0,0,27,,0.02,
0:06:02,86.4304,0,0,0,27,,0.02,
0:06:02,87.5401,0,0,0,27,,0.02,
0:06:03,86.0092,0,0,0,27,,0.02,
0:06:03,83.3102,0,0,0,27,,0.02,
0:06:04,82.0569,0,0,0,27,,0.02,
0:06:04,81.6104,1,1,0.8,27.8,,1.14,
0:06:05,81.9896,1,1,0.8,27.8,,1.14,
0:06:05,82.2143,1,1,0.8,27.8,,1.14,
0:06:06,82.3497,1,1,0.8,27.8,,1.14,
0:06:06,82.4402,1,1,0.8,27.8,,1.14,
0:06:07,82.8958,1,1,0.8,27.8,,1.14,
0:06:07,83.7755,1,1,0.8,27.8,,1.14,
0:06:08,85.4944,1,1,0.8,27.8,,1.14,
0:06:08,87.4636,1,1,0.8,27.8,,1.14,
0:06:09,89.3389,1,1,0.8,27.8,,1.14,
0:06:09,90.1984,1,2,0.8,28.6,,1.19,
0:06:10,89.6057,1,2,0.8,28.6,,1.19,
0:06:10,88.3132,1,2,0.8,28.6,,1.19,
0:06:11,86.7804,1,2,0.8,28.6,,1.19,
0:06:11,85.2515,1,2,0.8,28.6,,1.19,
0:06:12,83.6353,1,2,0.8,28.6,,1.19,
0:06:12,82.2594,1,2,0.8,28.6,,1.19,
0:06:13,81.0373,1,2,0.8,28.6,,1.19,
0:06:13,80.0641,1,2,0.8,28.6,,1.19,
0:06:14,79.2812,1,2,0.8,28.6,,1.19,
0:06:14,78.8644,0,1,0,28.6,,0.04,
0:06:15,78.8851,0,1,0,28.6,,0.04,
0:06:15,79.1139,0,1,0,28.6,,0.04,
0:06:16,80.429,0,1,0,28.6,,0.04,
0:06:16,82.282,0,1,0,28.6,,0.04,
0:06:17,83.3102,0,1,0,28.6,,0.04,
0:06:17,84.317,0,1,0,28.6,,0.04,
0:06:18,85.3242,0,1,0,28.6,,0.04,
0:06:18,84.674,0,1,0,28.6,,0.04,
0:06:19,83.682,0,1,0,28.6,,0.04,
0:06:19,83.5189,0,0,0.1,28.7,,0.06,
0:06:20,82.8272,0,0,0.1,28.7,,0.06,
0:06:20,83.4725,0,0,0.1,28.7,,0.06,
0:06:21,83.8457,0,0,0.1,28.7,,0.06,
0:06:21,83.6353,0,0,0.1,28.7,,0.06,
0:06:22,83.0565,0,0,0.1,28.7,,0.06,
0:06:22,82.8958,0,0,0.1,28.7,,0.06,
0:06:23,81.389,0,0,0.1,28.7,,0.06,
0:06:23,80.7972,0,0,0.1,28.7,,0.06,
0:06:24,80.732,0,0,0.1,28.7,,0.06,
0:06:24,80.9935,0,0,0.1,28.8,,0.11,
0:06:25,79.9148,0,0,0.1,28.8,,0.11,
0:06:25,79.3651,0,0,0.1,28.8,,0.11,
0:06:26,78.9474,0,0,0.1,28.8,,0.11,
0:06:26,77.8614,0,0,0.1,28.8,,0.11,
0:06:27,77.2201,0,0,0.1,28.8,,0.11,
0:06:27,79.1139,0,0,0.1,28.8,,0.11,
0:06:28,81.2568,0,0,0.1,28.8,,0.11,
0:06:28,82.7586,0,0,0.1,28.8,,0.11,
0:06:29,84.6979,0,0,0.1,28.8,,0.11,
0:06:29,85.0822,0,0,0,28.8,,0.04,
0:06:30,84.1279,0,0,0,28.8,,0.04,
0:06:30,83.426,0,0,0,28.8,,0.04,
0:06:31,83.5887,0,0,0,28.8,,0.04,
0:06:31,84.1751,0,0,0,28.8,,0.04,
0:06:32,85.3971,0,0,0,28.8,,0.04,
0:06:32,88.6001,0,0,0,28.8,,0.04,
0:06:33,88.7837,0,0,0,28.8,,0.04,
0:06:33,87.5146,0,0,0,28.8,,0.04,
0:06:34,85.592,0,0,0,28.8,,0.04,
0:06:34,84.8416,0,0,0.1,28.9,,0.11,
0:06:35,81.5439,0,0,0.1,28.9,,0.11,
0:06:35,79.8297,0,0,0.1,28.9,,0.11,
0:06:36,78.6164,0,0,0.1,28.9,,0.11,
0:06:36,78.3494,0,0,0.1,28.9,,0.11,
0:06:37,77.7605,0,0,0.1,28.9,,0.11,
0:06:37,77.4793,0,0,0.1,28.9,,0.11,
0:06:38,78.7815,0,0,0.1,28.9,,0.11,
0:06:38,80.5153,0,0,0.1,28.9,,0.11,
0:06:39,81.7439,0,0,0.1,28.9,,0.11,
0:06:39,82.8729,0,0,0.2,29.1,,0.25,
0:06:40,84.4357,0,0,0.2,29.1,,0.25,
0:06:40,84.5547,0,0,0.2,29.1,,0.25,
0:06:41,84.6024,0,0,0.2,29.1,,0.25,
0:06:41,84.7218,0,0,0.2,29.1,,0.25,
0:06:42,84.6979,0,0,0.2,29.1,,0.25,
0:06:42,84.674,0,0,0.2,29.1,,0.25,
0:06:43,84.5547,0,0,0.2,29.1,,0.25,
0:06:43,83.5887,0,0,0.2,29.1,,0.25,
0:06:44,82.1468,0,0,0.2,29.1,,0.25,
0:06:44,80.928,1,1,0.5,29.7,,0.7,
0:06:45,79.8297,1,1,0.5,29.7,,0.7,
0:06:45,78.3494,1,1,0.5,29.7,,0.7,
0:06:46,77.4793,1,1,0.5,29.7,,0.7,
0:06:46,77.3395,1,1,0.5,29.7,,0.7,
0:06:47,76.0649,1,1,0.5,29.7,,0.7,
0:06:47,74.3126,1,1,0.5,29.7,,0.7,
0:06:48,73.7282,1,1,0.5,29.7,,0.7,
0:06:48,73.7101,1,1,0.5,29.7,,0.7,
0:06:49,71.4626,1,1,0.5,29.7,,0.7,
0:06:49,69.2361,2,2,1.1,30.7,,1.91,
0:06:50,68.7128,2,2,1.1,30.7,,1.91,
0:06:50,68.2283,2,2,1.1,30.7,,1.91,
0:06:51,65.7606,2,2,1.1,30.7,,1.91,
0:06:51,66.1521,2,2,1.1,30.7,,1.91,
0:06:52,67.9964,2,2,1.1,30.7,,1.91,
0:06:52,69.0131,2,2,1.1,30.7,,1.91,
0:06:53,69.2841,2,2,1.1,30.7,,1.91,
0:06:53,72.0288,2,2,1.1,30.7,,1.91,
0:06:54,73.0816,2,2,1.1,30.7,,1.91,
0:06:54,73.2243,1,3,0.8,31.6,,1.29,
0:06:55,72.904,1,3,0.8,31.6,,1.29,
0:06:55,72.8155,1,3,0.8,31.6,,1.29,
0:06:56,72.4463,1,3,0.8,31.6,,1.29,
0:06:56,72.6568,1,3,0.8,31.6,,1.29,
0:06:57,72.7802,1,3,0.8,31.6,,1.29,
0:06:57,72.8509,1,3,0.8,31.6,,1.29,
0:06:58,72.7802,1,3,0.8,31.6,,1.29,
0:06:58,72.3764,1,3,0.8,31.6,,1.29,
0:06:59,71.9252,1,3,0.8,31.6,,1.29,
0:06:59,71.8219,1,4,0.5,32.1,,0.68,
0:07:00,71.4286,1,4,0.5,32.1,,0.68,
0:07:00,71.3097,1,4,0.5,32.1,,0.68,
0:07:01,72.3415,1,4,0.5,32.1,,0.68,
0:07:01,73.8916,1,4,0.5,32.1,,0.68,
0:07:02,75.7576,1,4,0.5,32.1,,0.68,
0:07:02,76.864,1,4,0.5,32.1,,0.68,
0:07:03,77.0812,1,4,0.5,32.1,,0.68,
0:07:03,76.0842,1,4,0.5,32.1,,0.68,
0:07:04,74.5342,1,4,0.5,32.1,,0.68,
0:07:04,72.2543,1,5,0.5,32.6,,0.62,
0:07:05,71.0059,1,5,0.5,32.6,,0.62,
0:07:05,70.9052,1,5,0.5,32.6,,0.62,
0:07:06,71.0395,1,5,0.5,32.6,,0.62,
0:07:06,68.5244,1,5,0.5,32.6,,0.62,
0:07:07,65.4308,1,5,0.5,32.6,,0.62,
0:07:07,64.4053,1,5,0.5,32.6,,0.62,
0:07:08,63.1978,1,5,0.5,32.6,,0.62,
0:07:08,61.9195,1,5,0.5,32.6,,0.62,
0:07:09,62.7878,1,5,0.5,32.6,,0.62,
0:07:09,64.9351,1,6,0.5,33.1,,0.65,
0:07:10,66.2105,1,6,0.5,33.1,,0.65,
0:07:10,67.659,1,6,0.5,33.1,,0.65,
0:07:11,69.2521,1,6,0.5,33.1,,0.65,
0:07:11,70.1426,1,6,0.5,33.1,,0.65,
0:07:12,71.242,1,6,0.5,33.1,,0.65,
0:07:12,71.6846,1,6,0.5,33.1,,0.65,
0:07:13,71.7875,1,6,0.5,33.1,,0.65,
0:07:13,70.922,1,6,0.5,33.1,,0.65,
0:07:14,70.4225,1,6,0.5,33.1,,0.65,
0:07:14,70.1098,1,7,0.6,33.7,,0.81,
0:07:15,69.8975,1,7,0.6,33.7,,0.81,
0:07:15,68.9814,1,7,0.6,33.7,,0.81,
0:07:16,68.4619,1,7,0.6,33.7,,0.81,
0:07:16,68.9338,1,7,0.6,33.7,,0.81,
0:07:17,69.2361,1,7,0.6,33.7,,0.81,
0:07:17,69.4444,1,7,0.6,33.7,,0.81,
0:07:18,69.4766,1,7,0.6,33.7,,0.81,
0:07:18,70.688,1,7,0.6,33.7,,0.81,
0:07:19,70.3895,1,7,0.6,33.7,,0.81,
0:07:19,69.3481,1,8,0.6,34.3,,0.83,
0:07:20,67.981,1,8,0.6,34.3,,0.83,
0:07:20,66.6075,1,8,0.6,34.3,,0.83,
0:07:21,66.1959,1,8,0.6,34.3,,0.83,
0:07:21,66.2105,1,8,0.6,34.3,,0.83,
0:07:22,66.5927,1,8,0.6,34.3,,0.83,
0:07:22,67.1742,1,8,0.6,34.3,,0.83,
0:07:23,70.3895,1,8,0.6,34.3,,0.83,
0:07:23,72.8509,1,8,0.6,34.3,,0.83,
0:07:24,73.6558,1,8,0.6,34.3,,0.83,
0:07:24,74.869,1,9,0.5,34.8,,0.64,
0:07:25,75.8534,1,9,0.5,34.8,,0.64,
0:07:25,74.8877,1,9,0.5,34.8,,0.64,
0:07:26,73.1529,1,9,0.5,34.8,,0.64,
0:07:26,73.7282,1,9,0.5,34.8,,0.64,
0:07:27,75.339,1,9,0.5,34.8,,0.64,
0:07:27,76.7853,1,9,0.5,34.8,,0.64,
0:07:28,77.8614,1,9,0.5,34.8,,0.64,
0:07:28,78.7402,1,9,0.5,34.8,,0.64,
0:07:29,79.5123,1,9,0.5,34.8,,0.64,
0:07:29,78.6988,1,10,0.5,35.3,,0.63,
0:07:30,78.2269,1,10,0.5,35.3,,0.63,
0:07:30,77.7001,1,10,0.5,35.3,,0.63,
0:07:31,77.0218,1,10,0.5,35.3,,0.63,
0:07:31,76.3165,1,10,0.5,35.3,,0.63,
0:07:32,75.6048,1,10,0.5,35.3,,0.63,
0:07:32,75.1127,1,10,0.5,35.3,,0.63,
0:07:33,76.3553,1,10,0.5,35.3,,0.63,
0:07:33,78.5752,1,10,0.5,35.3,,0.63,
0:07:34,81.389,1,10,0.5,35.3,,0.63,
0:07:34,82.9187,0,9,0.3,35.5,,0.29,
0:07:35,83.8926,0,9,0.3,35.5,,0.29,
0:07:35,82.8272,0,9,0.3,35.5,,0.29,
0:07:36,82.2143,0,9,0.3,35.5,,0.29,
0:07:36,81.8331,0,9,0.3,35.5,,0.29,
0:07:37,81.6993,0,9,0.3,35.5,,0.29,
0:07:37,81.5217,0,9,0.3,35.5,,0.29,
0:07:38,81.9001,0,9,0.3,35.5,,0.29,
0:07:38,82.2594,0,9,0.3,35.5,,0.29,
0:07:39,82.1243,0,9,0.3,35.5,,0.29,
0:07:39,83.2871,0,8,0.2,35.7,,0.22,
0:07:40,85.3485,0,8,0.2,35.7,,0.22,
0:07:40,87.8477,0,8,0.2,35.7,,0.22,
0:07:41,87.7706,0,8,0.2,35.7,,0.22,
0:07:41,86.9061,0,8,0.2,35.7,,0.22,
0:07:42,84.3407,0,8,0.2,35.7,,0.22,
0:07:42,80.9717,0,8,0.2,35.7,,0.22,
0:07:43,77.8614,0,8,0.2,35.7,,0.22,
0:07:43,76.3942,0,8,0.2,35.7,,0.22,
0:07:44,75.6811,0,8,0.2,35.7,,0.22,
0:07:44,76.4137,0,7,0.2,35.9,,0.22,
0:07:45,77.8008,0,7,0.2,35.9,,0.22,
0:07:45,78.6988,0,7,0.2,35.9,,0.22,
0:07:46,78.3494,0,7,0.2,35.9,,0.22,
0:07:46,78.4724,0,7,0.2,35.9,,0.22,
0:07:47,78.8229,0,7,0.2,35.9,,0.22,
0:07:47,78.7195,0,7,0.2,35.9,,0.22,
0:07:48,78.3904,0,7,0.2,35.9,,0.22,
0:07:48,78.0843,0,7,0.2,35.9,,0.22,
0:07:49,77.9221,0,7,0.2,35.9,,0.22,
0:07:49,77.8412,0,6,0.2,36.1,,0.2,
0:07:50,78.4724,0,6,0.2,36.1,,0.2,
0:07:50,78.637,0,6,0.2,36.1,,0.2,
0:07:51,79.0097,0,6,0.2,36.1,,0.2,
0:07:51,78.2065,0,6,0.2,36.1,,0.2,
0:07:52,76.8443,0,6,0.2,36.1,,0.2,
0:07:52,73.6016,0,6,0.2,36.1,,0.2,
0:07:53,70.4225,0,6,0.2,36.1,,0.2,
0:07:53,69.2681,0,6,0.2,36.1,,0.2,
0:07:54,69.0767,0,6,0.2,36.1,,0.2,
0:07:54,68.9655,0,5,0.1,36.2,,0.11,
0:07:55,70.34,0,5,0.1,36.2,,0.11,
0:07:55,72.7626,0,5,0.1,36.2,,0.11,
0:07:56,73.4574,0,5,0.1,36.2,,0.11,
0:07:56,73.2422,0,5,0.1,36.2,,0.11,
0:07:57,70.8717,0,5,0.1,36.2,,0.11,
0:07:57,67.6743,0,5,0.1,36.2,,0.11,
0:07:58,66.3423,0,5,0.1,36.2,,0.11,
0:07:58,65.6743,0,5,0.1,36.2,,0.11,
0:07:59,65.3168,0,5,0.1,36.2,,0.11,
0:07:59,66.9045,0,4,0.1,36.3,,0.11,
0:08:00,69.6541,0,4,0.1,36.3,,0.11,
0:08:00,70.7547,0,4,0.1,36.3,,0.11,
0:08:01,71.4796,0,4,0.1,36.3,,0.11,
0:08:01,70.3235,0,4,0.1,36.3,,0.11,
0:08:02,70.0771,0,4,0.1,36.3,,0.11,
0:08:02,69.6056,0,4,0.1,36.3,,0.11,
0:08:03,68.8863,0,4,0.1,36.3,,0.11,
0:08:03,67.9656,0,4,0.1,36.3,,0.11,
0:08:04,69.5733,0,4,0.1,36.3,,0.11,
0:08:04,69.8649,0,3,0.1,36.4,,0.1,
0:08:05,70.1426,0,3,0.1,36.4,,0.1,
0:08:05,69.1085,0,3,0.1,36.4,,0.1,
0:08:06,67.5676,0,3,0.1,36.4,,0.1,
0:08:06,67.5068,0,3,0.1,36.4,,0.1,
0:08:07,67.659,0,3,0.1,36.4,,0.1,
0:08:07,68.0118,0,3,0.1,36.4,,0.1,
0:08:08,69.7512,0,3,0.1,36.4,,0.1,
0:08:08,70.9555,0,3,0.1,36.4,,0.1,
0:08:09,71.2082,0,3,0.1,36.4,,0.1,
0:08:09,72.4988,0,2,0.1,36.5,,0.1,
0:08:10,72.7449,0,2,0.1,36.5,,0.1,
0:08:10,72.4463,0,2,0.1,36.5,,0.1,
0:08:11,74.331,0,2,0.1,36.5,,0.1,
0:08:11,74.7943,0,2,0.1,36.5,,0.1,
0:08:12,72.7096,0,2,0.1,36.5,,0.1,
0:08:12,73.1172,0,2,0.1,36.5,,0.1,
0:08:13,74.813,0,2,0.1,36.5,,0.1,
0:08:13,75.188,0,2,0.1,36.5,,0.1,
0:08:14,74.8877,0,2,0.1,36.5,,0.1,
0:08:14,76.4331,0,1,0.1,36.6,,0.11,
0:08:15,76.1421,0,1,0.1,36.6,,0.11,
0:08:15,74.9251,0,1,0.1,36.6,,0.11,
0:08:16,74.3863,0,1,0.1,36.6,,0.11,
0:08:16,74.1656,0,1,0.1,36.6,,0.11,
0:08:17,73.8189,0,1,0.1,36.6,,0.11,
0:08:17,71.2251,0,1,0.1,36.6,,0.11,
0:08:18,67.8119,0,1,0.1,36.6,,0.11,
0:08:18,65.8183,0,1,0.1,36.6,,0.11,
0:08:19,65.3452,0,1,0.1,36.6,,0.11,
0:08:19,65.5881,0,0,0.2,36.8,,0.25,
0:08:20,67.598,0,0,0.2,36.8,,0.25,
0:08:20,70.7214,0,0,0.2,36.8,,0.25,
0:08:21,72.7979,0,0,0.2,36.8,,0.25,
0:08:21,75.0563,0,0,0.2,36.8,,0.25,
0:08:22,75.8725,0,0,0.2,36.8,,0.25,
0:08:22,76.9428,0,0,0.2,36.8,,0.25,
0:08:23,78.3699,0,0,0.2,36.8,,0.25,
0:08:23,79.7236,0,0,0.2,36.8,,0.25,
0:08:24,78.8851,0,0,0.2,36.8,,0.25,
0:08:24,78.3904,0,0,0.2,37,,0.18,
0:08:25,78.064,0,0,0.2,37,,0.18,
0:08:25,77.6598,0,0,0.2,37,,0.18,
0:08:26,77.2201,0,0,0.2,37,,0.18,
0:08:26,73.8189,0,0,0.2,37,,0.18,
0:08:27,69.6541,0,0,0.2,37,,0.18,
0:08:27,67.5068,0,0,0.2,37,,0.18,
0:08:28,67.4764,0,0,0.2,37,,0.18,
0:08:28,68.4932,0,0,0.2,37,,0.18,
0:08:29,72.7449,0,0,0.2,37,,0.18,
0:08:29,77.6398,0,0,0.1,37.1,,0.08,
0:08:30,80.5585,0,0,0.1,37.1,,0.08,
0:08:30,80.4721,0,0,0.1,37.1,,0.08,
0:08:31,80.1282,0,0,0.1,37.1,,0.08,
0:08:31,79.6601,0,0,0.1,37.1,,0.08,
0:08:32,77.0218,0,0,0.1,37.1,,0.08,
0:08:32,76.0456,0,0,0.1,37.1,,0.08,
0:08:33,75.1503,0,0,0.1,37.1,,0.08,
0:08:33,73.2064,0,0,0.1,37.1,,0.08,
0:08:34,70.855,0,0,0.1,37.1,,0.08,
0:08:34,69.6702,0,0,0,37.1,,0.04,
0:08:35,68.4307,0,0,0,37.1,,0.04,
0:08:35,67.858,0,0,0,37.1,,0.04,
0:08:36,67.7507,0,0,0,37.1,,0.04,
0:08:36,67.8733,0,0,0,37.1,,0.04,
0:08:37,70.4887,0,0,0,37.1,,0.04,
0:08:37,72.3589,0,0,0,37.1,,0.04,
0:08:38,73.9463,0,0,0,37.1,,0.04,
0:08:38,75.2445,0,0,0,37.1,,0.04,
0:08:39,76.0456,0,0,0,37.1,,0.04,
0:08:39,76.1808,0,0,0.2,37.3,,0.18,
0:08:40,76.3942,0,0,0.2,37.3,,0.18,
0:08:40,76.4331,0,0,0.2,37.3,,0.18,
0:08:41,76.3747,0,0,0.2,37.3,,0.18,
0:08:41,76.5697,0,0,0.2,37.3,,0.18,
0:08:42,76.6675,0,0,0.2,37.3,,0.18,
0:08:42,76.7067,0,0,0.2,37.3,,0.18,
0:08:43,76.7263,0,0,0.2,37.3,,0.18,
0:08:43,76.746,0,0,0.2,37.3,,0.18,
0:08:44,76.7853,0,0,0.2,37.3,,0.18,
0:08:44,76.8246,1,1,0.5,37.7,,0.62,
0:08:45,76.4916,1,1,0.5,37.7,,0.62,
0:08:45,75.9109,1,1,0.5,37.7,,0.62,
0:08:46,75.2068,1,1,0.5,37.7,,0.62,
0:08:46,74.5527,1,1,0.5,37.7,,0.62,
0:08:47,74.2023,1,1,0.5,37.7,,0.62,
0:08:47,73.928,1,1,0.5,37.7,,0.62,
0:08:48,73.692,1,1,0.5,37.7,,0.62,
0:08:48,73.4754,1,1,0.5,37.7,,0.62,
0:08:49,71.0395,1,1,0.5,37.7,,0.62,
0:08:49,70.5219,2,2,0.9,38.7,,1.57,
0:08:50,70.2576,2,2,0.9,38.7,,1.57,
0:08:50,70.688,2,2,0.9,38.7,,1.57,
0:08:51,71.4796,2,2,0.9,38.7,,1.57,
0:08:51,74.9251,2,2,0.9,38.7,,1.57,
0:08:52,75.9686,2,2,0.9,38.7,,1.57,
0:08:52,76.9231,2,2,0.9,38.7,,1.57,
0:08:53,77.3994,2,2,0.9,38.7,,1.57,
0:08:53,77.6197,2,2,0.9,38.7,,1.57,
0:08:54,76.9625,2,2,0.9,38.7,,1.57,
0:08:54,75.7193,2,4,1.1,39.8,,1.89,
0:08:55,74.239,2,4,1.1,39.8,,1.89,
0:08:55,73.6558,2,4,1.1,39.8,,1.89,
0:08:56,73.5114,2,4,1.1,39.8,,1.89,
0:08:56,71.9424,2,4,1.1,39.8,,1.89,
0:08:57,72.8509,2,4,1.1,39.8,,1.89,
0:08:57,75.0751,2,4,1.1,39.8,,1.89,
0:08:58,75.8534,2,4,1.1,39.8,,1.89,
0:08:58,75.8534,2,4,1.1,39.8,,1.89,
0:08:59,79.1766,2,4,1.1,39.8,,1.89,
0:08:59,80.171,2,6,1.1,40.9,,2.09,
0:09:00,81.1249,2,6,1.1,40.9,,2.09,
0:09:00,83.1947,2,6,1.1,40.9,,2.09,
0:09:01,85.7878,2,6,1.1,40.9,,2.09,
0:09:01,87.0575,2,6,1.1,40.9,,2.09,
0:09:02,87.9765,2,6,1.1,40.9,,2.09,
0:09:02,87.26,2,6,1.1,40.9,,2.09,
0:09:03,85.1547,2,6,1.1,40.9,,2.09,
0:09:03,82.6674,2,6,1.1,40.9,,2.09,
0:09:04,80.1068,2,6,1.1,40.9,,2.09,
0:09:04,78.3904,2,8,1,41.8,,1.61,
0:09:05,77.2002,2,8,1,41.8,,1.61,
0:09:05,76.746,2,8,1,41.8,,1.61,
0:09:06,77.7807,2,8,1,41.8,,1.61,
0:09:06,79.6178,2,8,1,41.8,,1.61,
0:09:07,80.3213,2,8,1,41.8,,1.61,
0:09:07,80.2998,2,8,1,41.8,,1.61,
0:09:08,80.0641,2,8,1,41.8,,1.61,
0:09:08,79.9574,2,8,1,41.8,,1.61,
0:09:09,79.9148,2,8,1,41.8,,1.61,
0:09:09,79.9148,0,7,0.4,42.2,,0.42,
0:09:10,79.9361,0,7,0.4,42.2,,0.42,
0:09:10,80.0427,0,7,0.4,42.2,,0.42,
0:09:11,78.7608,0,7,0.4,42.2,,0.42,
0:09:11,76.5111,0,7,0.4,42.2,,0.42,
0:09:12,75.2823,0,7,0.4,42.2,,0.42,
0:09:12,74.4786,0,7,0.4,42.2,,0.42,
0:09:13,73.692,0,7,0.4,42.2,,0.42,
0:09:13,70.4887,0,7,0.4,42.2,,0.42,
0:09:14,66.7557,0,7,0.4,42.2,,0.42,
0:09:14,65.0336,0,6,0.3,42.5,,0.32,
0:09:15,63.9386,0,6,0.3,42.5,,0.32,
0:09:15,63.1446,0,6,0.3,42.5,,0.32,
0:09:16,62.6697,0,6,0.3,42.5,,0.32,
0:09:16,62.3441,0,6,0.3,42.5,,0.32,
0:09:17,62.3701,0,6,0.3,42.5,,0.32,
0:09:17,62.3441,0,6,0.3,42.5,,0.32,
0:09:18,62.2924,0,6,0.3,42.5,,0.32,
0:09:18,65.331,0,6,0.3,42.5,,0.32,
0:09:19,69.9464,0,5,0.3,42.8,,0.37,
0:09:19,72.9395,0,5,0.3,42.8,,0.37,
0:09:20,75.0188,0,5,0.3,42.8,,0.37,
0:09:20,76.6088,0,5,0.3,42.8,,0.37,
0:09:21,76.1035,0,5,0.3,42.8,,0.37,
0:09:21,75.2445,0,5,0.3,42.8,,0.37,
0:09:22,75.4337,0,5,0.3,42.8,,0.37,
0:09:22,76.9034,0,5,0.3,42.8,,0.37,
0:09:23,77.7202,0,5,0.3,42.8,,0.37,
0:09:23,78.7195,0,5,0.3,42.8,,0.37,
0:09:24,79.8297,1,6,0.5,43.3,,0.64,
0:09:24,78.8644,1,6,0.5,43.3,,0.64,
0:09:25,76.9428,1,6,0.5,43.3,,0.64,
0:09:25,73.5835,1,6,0.5,43.3,,0.64,
0:09:26,72.324,1,6,0.5,43.3,,0.64,
0:09:26,72.0115,1,6,0.5,43.3,,0.64,
0:09:27,71.1575,1,6,0.5,43.3,,0.64,
0:09:27,70.0444,1,6,0.5,43.3,,0.64,
0:09:28,71.5649,1,6,0.5,43.3,,0.64,
0:09:28,71.3776,1,6,0.5,43.3,,0.64,
0:09:29,70.5882,0,5,0.2,43.5,,0.28,
0:09:29,72.7273,0,5,0.2,43.5,,0.28,
0:09:30,76.864,0,5,0.2,43.5,,0.28,
0:09:30,81.0592,0,5,0.2,43.5,,0.28,
0:09:31,85.5188,0,5,0.2,43.5,,0.28,
0:09:31,89.4188,0,5,0.2,43.5,,0.28,
0:09:32,90.6344,0,5,0.2,43.5,,0.28,
0:09:32,90.0901,0,5,0.2,43.5,,0.28,
0:09:33,89.0736,0,5,0.2,43.5,,0.28,
0:09:33,87.822,0,5,0.2,43.5,,0.28,
0:09:34,87.007,0,4,0.3,43.8,,0.35,
0:09:34,86.1079,0,4,0.3,43.8,,0.35,
0:09:35,85.2031,0,4,0.3,43.8,,0.35,
0:09:35,83.1025,0,4,0.3,43.8,,0.35,
0:09:36,81.6104,0,4,0.3,43.8,,0.35,
0:09:36,80.4074,0,4,0.3,43.8,,0.35,
0:09:37,77.3794,0,4,0.3,43.8,,0.35,
0:09:37,73.7282,0,4,0.3,43.8,,0.35,
0:09:38,72.6744,0,4,0.3,43.8,,0.35,
0:09:38,71.9597,0,4,0.3,43.8,,0.35,
0:09:39,71.4286,1,5,0.5,44.3,,0.62,
0:09:39,72.9217,1,5,0.5,44.3,,0.62,
0:09:40,75.5668,1,5,0.5,44.3,,0.62,
0:09:40,77.0218,1,5,0.5,44.3,,0.62,
0:09:41,77.821,1,5,0.5,44.3,,0.62,
0:09:41,76.8246,1,5,0.5,44.3,,0.62,
0:09:42,75.6048,1,5,0.5,44.3,,0.62,
0:09:42,74.3126,1,5,0.5,44.3,,0.62,
0:09:43,71.908,1,5,0.5,44.3,,0.62,
0:09:43,69.1404,1,5,0.5,44.3,,0.62,
0:09:44,68.4932,1,6,0.7,45,,1,
0:09:44,68.1663,1,6,0.7,45,,1,
0:09:45,66.726,1,6,0.7,45,,1,
0:09:45,67.8273,1,6,0.7,45,,1,
0:09:46,70.307,1,6,0.7,45,,1,
0:09:46,69.5088,1,6,0.7,45,,1,
0:09:47,67.1592,1,6,0.7,45,,1,
0:09:47,67.6743,1,6,0.7,45,,1,
0:09:48,67.0541,1,6,0.7,45,,1,
0:09:48,65.9051,1,6,0.7,45,,1,
0:09:49,67.2043,1,7,0.9,45.9,,1.35,
0:09:49,69.8812,1,7,0.9,45.9,,1.35,
0:09:50,71.242,1,7,0.9,45.9,,1.35,
0:09:50,73.5835,1,7,0.9,45.9,,1.35,
0:09:51,76.5892,1,7,0.9,45.9,,1.35,
0:09:51,78.3085,1,7,0.9,45.9,,1.35,
0:09:52,79.3231,1,7,0.9,45.9,,1.35,
0:09:52,79.2393,1,7,0.9,45.9,,1.35,
0:09:53,77.3196,1,7,0.9,45.9,,1.35,
0:09:53,76.3942,1,7,0.9,45.9,,1.35,
0:09:54,77.4994,2,8,1,46.8,,1.61,
0:09:54,78.1047,2,8,1,46.8,,1.61,
0:09:55,80.1925,2,8,1,46.8,,1.61,
0:09:55,83.1947,2,8,1,46.8,,1.61,
0:09:56,83.8692,2,8,1,46.8,,1.61,
0:09:56,83.2871,2,8,1,46.8,,1.61,
0:09:57,80.1496,2,8,1,46.8,,1.61,
0:09:57,74.7757,2,8,1,46.8,,1.61,
0:09:58,69.8487,2,8,1,46.8,,1.61,
0:09:58,67.7201,2,8,1,46.8,,1.61,
0:09:59,66.8151,1,9,0.9,47.7,,1.39,
0:09:59,69.3161,1,9,0.9,47.7,,1.39,
0:10:00,72.8155,1,9,0.9,47.7,,1.39,
0:10:00,77.5795,1,9,0.9,47.7,,1.39,
0:10:01,81.6771,1,9,0.9,47.7,,1.39,
0:10:01,85.4944,1,9,0.9,47.7,,1.39,
0:10:02,86.6802,1,9,0.9,47.7,,1.39,
0:10:02,88.0799,1,9,0.9,47.7,,1.39,
0:10:03,87.4126,1,9,0.9,47.7,,1.39,
0:10:03,84.7458,1,9,0.9,47.7,,1.39,
0:10:04,81.389,1,10,0.5,48.2,,0.67,
0:10:04,80.2998,1,10,0.5,48.2,,0.67,
0:10:05,80.2568,1,10,0.5,48.2,,0.67,
0:10:05,80.9935,1,10,0.5,48.2,,0.67,
0:10:06,82.1468,1,10,0.5,48.2,,0.67,
0:10:06,82.6674,1,10,0.5,48.2,,0.67,
0:10:07,82.1468,1,10,0.5,48.2,,0.67,
0:10:07,80.4937,1,10,0.5,48.2,,0.67,
0:10:08,78.3699,1,10,0.5,48.2,,0.67,
0:10:08,76.5111,1,10,0.5,48.2,,0.67,
0:10:09,76.7656,0,9,0.2,48.4,,0.28,
0:10:09,78.0843,0,9,0.2,48.4,,0.28,
0:10:10,79.2812,0,9,0.2,48.4,,0.28,
0:10:10,79.8297,0,9,0.2,48.4,,0.28,
0:10:11,79.5756,0,9,0.2,48.4,,0.28,
0:10:11,77.6398,0,9,0.2,48.4,,0.28,
0:10:12,76.0842,0,9,0.2,48.4,,0.28,
0:10:12,75.9301,0,9,0.2,48.4,,0.28,
0:10:13,77.0218,0,9,0.2,48.4,,0.28,
0:10:13,77.9423,0,9,0.2,48.4,,0.28,
0:10:14,78.6988,0,8,0.2,48.6,,0.17,
0:10:14,78.2677,0,8,0.2,48.6,,0.17,
0:10:15,77.0614,0,8,0.2,48.6,,0.17,
0:10:15,75.5097,0,8,0.2,48.6,,0.17,
0:10:16,74.813,0,8,0.2,48.6,,0.17,
0:10:16,74.3126,0,8,0.2,48.6,,0.17,
0:10:17,73.8552,0,8,0.2,48.6,,0.17,
0:10:17,73.7644,0,8,0.2,48.6,,0.17,
0:10:18,73.8552,0,8,0.2,48.6,,0.17,
0:10:18,73.9098,0,8,0.2,48.6,,0.17,
0:10:19,73.9645,0,7,0.2,48.8,,0.2,
0:10:19,74.0192,0,7,0.2,48.8,,0.2,
0:10:20,74.0558,0,7,0.2,48.8,,0.2,
0:10:20,74.0924,0,7,0.2,48.8,,0.2,
0:10:21,74.4971,0,7,0.2,48.8,,0.2,
0:10:21,75.3012,0,7,0.2,48.8,,0.2,
0:10:22,75.7576,0,7,0.2,48.8,,0.2,
0:10:22,75.8725,0,7,0.2,48.8,,0.2,
0:10:23,75.9109,0,7,0.2,48.8,,0.2,
0:10:23,75.7959,0,7,0.2,48.8,,0.2,
0:10:24,75.0751,0,6,0.3,49.1,,0.38,
0:10:24,74.6083,0,6,0.3,49.1,,0.38,
0:10:25,74.2023,0,6,0.3,49.1,,0.38,
0:10:25,73.7463,0,6,0.3,49.1,,0.38,
0:10:26,72.9572,0,6,0.3,49.1,,0.38,
0:10:26,72.692,0,6,0.3,49.1,,0.38,
0:10:27,72.4288,0,6,0.3,49.1,,0.38,
0:10:27,72.2369,0,6,0.3,49.1,,0.38,
0:10:28,73.0638,0,6,0.3,49.1,,0.38,
0:10:28,74.4417,0,6,0.3,49.1,,0.38,
0:10:29,75.0188,0,5,0.3,49.4,,0.37,
0:10:29,75.4717,0,5,0.3,49.4,,0.37,
0:10:30,76.3165,0,5,0.3,49.4,,0.37,
0:10:30,77.6598,0,5,0.3,49.4,,0.37,
0:10:31,79.3021,0,5,0.3,49.4,,0.37,
0:10:31,82.2368,0,5,0.3,49.4,,0.37,
0:10:32,83.9161,0,5,0.3,49.4,,0.37,
0:10:32,84.4357,0,5,0.3,49.4,,0.37,
0:10:33,82.713,0,5,0.3,49.4,,0.37,
0:10:33,81.6549,0,5,0.3,49.4,,0.37,
0:10:34,80.9061,0,4,0.3,49.7,,0.32,
0:10:34,82.2594,0,4,0.3,49.7,,0.32,
0:10:35,82.8958,0,4,0.3,49.7,,0.32,
0:10:35,83.1486,0,4,0.3,49.7,,0.32,
0:10:36,81.5217,0,4,0.3,49.7,,0.32,
0:10:36,79.0722,0,4,0.3,49.7,,0.32,
0:10:37,75.8342,0,4,0.3,49.7,,0.32,
0:10:37,74.8316,0,4,0.3,49.7,,0.32,
0:10:38,73.5655,0,4,0.3,49.7,,0.32,
0:10:38,72.2022,0,4,0.3,49.7,,0.32,
0:10:39,71.0059,0,3,0.1,49.8,,0.15,
0:10:39,70.5219,0,3,0.1,49.8,,0.15,
0:10:40,69.6056,0,3,0.1,49.8,,0.15,
0:10:40,71.3097,0,3,0.1,49.8,,0.15,
0:10:41,73.1351,0,3,0.1,49.8,,0.15,
0:10:41,75.0375,0,3,0.1,49.8,,0.15,
0:10:42,78.4314,0,3,0.1,49.8,,0.15,
0:10:42,82.7358,0,3,0.1,49.8,,0.15,
0:10:43,83.8692,0,3,0.1,49.8,,0.15,
0:10:43,85.0822,0,3,0.1,49.8,,0.15,
0:10:44,85.9107,0,2,0.1,50,,0.12,
0:10:44,85.3728,0,2,0.1,50,,0.12,
0:10:45,83.682,0,2,0.1,50,,0.12,
0:10:45,85.2031,0,2,0.1,50,,0.12,
0:10:46,88.5217,0,2,0.1,50,,0.12,
0:10:46,88.7574,0,2,0.1,50,,0.12,
0:10:47,87.5912,0,2,0.1,50,,0.12,
0:10:47,88.8362,0,2,0.1,50,,0.12,
0:10:48,88.7311,0,2,0.1,50,,0.12,
0:10:48,86.5052,0,2,0.1,50,,0.12,
0:10:49,87.4636,0,1,0.2,50.2,,0.28,
0:10:49,88.8626,0,1,0.2,50.2,,0.28,
0:10:50,87.8992,0,1,0.2,50.2,,0.28,
0:10:50,85.8369,0,1,0.2,50.2,,0.28,
0:10:51,84.8416,0,1,0.2,50.2,,0.28,
0:10:51,84.2697,0,1,0.2,50.2,,0.28,
0:10:52,83.9631,0,1,0.2,50.2,,0.28,
0:10:52,83.7989,0,1,0.2,50.2,,0.28,
0:10:53,83.7054,0,1,0.2,50.2,,0.28,
0:10:53,83.6587,0,1,0.2,50.2,,0.28,
0:10:54,84.3882,1,2,0.5,50.7,,0.6,
0:10:54,85.6409,1,2,0.5,50.7,,0.6,
0:10:55,86.2813,1,2,0.5,50.7,,0.6,
0:10:55,86.6051,1,2,0.5,50.7,,0.6,
0:10:56,85.3728,1,2,0.5,50.7,,0.6,
0:10:56,83.2639,1,2,0.5,50.7,,0.6,
0:10:57,80.8407,1,2,0.5,50.7,,0.6,
0:10:57,78.8022,1,2,0.5,50.7,,0.6,
0:10:58,76.9823,1,2,0.5,50.7,,0.6,
0:10:58,76.1615,1,2,0.5,50.7,,0.6,
0:10:59,74.757,2,3,1.3,52,,2.75,
0:10:59,74.0375,2,3,1.3,52,,2.75,
0:11:00,73.9098,2,3,1.3,52,,2.75,
0:11:00,74.9625,2,3,1.3,52,,2.75,
0:11:01,76.746,2,3,1.3,52,,2.75,
0:11:01,76.8246,2,3,1.3,52,,2.75,
0:11:02,76.7656,2,3,1.3,52,,2.75,
0:11:02,76.6284,2,3,1.3,52,,2.75,
0:11:03,75.5287,2,3,1.3,52,,2.75,
0:11:03,74.1107,2,3,1.3,52,,2.75,
0:11:04,74.5898,2,5,1.2,53.2,,2.36,
0:11:04,74.7012,2,5,1.2,53.2,,2.36,
0:11:05,74.6454,2,5,1.2,53.2,,2.36,
0:11:05,74.6269,2,5,1.2,53.2,,2.36,
0:11:06,74.5156,2,5,1.2,53.2,,2.36,
0:11:06,73.046,2,5,1.2,53.2,,2.36,
0:11:07,73.0105,2,5,1.2,53.2,,2.36,
0:11:07,73.0816,2,5,1.2,53.2,,2.36,
0:11:08,73.2422,2,5,1.2,53.2,,2.36,
0:11:08,75.1315,2,5,1.2,53.2,,2.36,
0:11:09,80.2139,2,7,1.2,54.4,,2.32,
0:11:09,84.674,2,7,1.2,54.4,,2.32,
0:11:10,88.7574,2,7,1.2,54.4,,2.32,
0:11:10,92.5355,2,7,1.2,54.4,,2.32,
0:11:11,92.7931,2,7,1.2,54.4,,2.32,
0:11:11,91.2409,2,7,1.2,54.4,,2.32,
0:11:12,88.4173,2,7,1.2,54.4,,2.32,
0:11:12,86.3558,2,7,1.2,54.4,,2.32,
0:11:13,84.674,2,7,1.2,54.4,,2.32,
0:11:13,83.5887,2,7,1.2,54.4,,2.32,
0:11:14,82.7815,1,8,0.5,54.9,,0.72,
0:11:14,82.0569,1,8,0.5,54.9,,0.72,
0:11:15,81.1688,1,8,0.5,54.9,,0.72,
0:11:15,80.3428,1,8,0.5,54.9,,0.72,
0:11:16,79.7236,1,8,0.5,54.9,,0.72,
0:11:16,78.6988,1,8,0.5,54.9,,0.72,
0:11:17,77.8412,1,8,0.5,54.9,,0.72,
0:11:17,77.3196,1,8,0.5,54.9,,0.72,
0:11:18,76.8246,1,8,0.5,54.9,,0.72,
0:11:18,76.0264,1,8,0.5,54.9,,0.72,
0:11:19,77.0812,0,7,0.1,55,,0.1,
0:11:19,78.9266,0,7,0.1,55,,0.1,
0:11:20,80.9717,0,7,0.1,55,,0.1,
0:11:20,82.713,0,7,0.1,55,,0.1,
0:11:21,84.6979,0,7,0.1,55,,0.1,
0:11:21,84.4357,0,7,0.1,55,,0.1,
0:11:22,83.3102,0,7,0.1,55,,0.1,
0:11:22,81.4996,0,7,0.1,55,,0.1,
0:11:23,80.3213,0,7,0.1,55,,0.1,
0:11:23,79.0514,0,7,0.1,55,,0.1,
0:11:24,78.1861,1,8,0.7,55.7,,0.99,
0:11:24,77.4994,1,8,0.7,55.7,,0.99,
0:11:25,77.3994,1,8,0.7,55.7,,0.99,
0:11:25,76.8443,1,8,0.7,55.7,,0.99,
0:11:26,76.4526,1,8,0.7,55.7,,0.99,
0:11:26,74.5527,1,8,0.7,55.7,,0.99,
0:11:27,72.0461,1,8,0.7,55.7,,0.99,
0:11:27,70.8885,1,8,0.7,55.7,,0.99,
0:11:28,70.6215,1,8,0.7,55.7,,0.99,
0:11:28,70.4391,1,8,0.7,55.7,,0.99,
0:11:29,71.7189,1,9,0.6,56.4,,0.88,
0:11:29,74.0924,1,9,0.6,56.4,,0.88,
0:11:30,74.8316,1,9,0.6,56.4,,0.88,
0:11:30,75.7384,1,9,0.6,56.4,,0.88,
0:11:31,78.0234,1,9,0.6,56.4,,0.88,
0:11:31,81.1688,1,9,0.6,56.4,,0.88,
0:11:32,83.8926,1,9,0.6,56.4,,0.88,
0:11:32,86.9565,1,9,0.6,56.4,,0.88,
0:11:33,87.925,1,9,0.6,56.4,,0.88,
0:11:33,86.6802,1,9,0.6,56.4,,0.88,
0:11:34,81.6771,1,10,0.5,56.9,,0.72,
0:11:34,76.2389,1,10,0.5,56.9,,0.72,
0:11:35,71.0564,1,10,0.5,56.9,,0.72,
0:11:35,66.8896,1,10,0.5,56.9,,0.72,
0:11:36,64.6273,1,10,0.5,56.9,,0.72,
0:11:36,64.8508,1,10,0.5,56.9,,0.72,
0:11:37,64.2811,1,10,0.5,56.9,,0.72,
0:11:37,63.3312,1,10,0.5,56.9,,0.72,
0:11:38,63.5593,1,10,0.5,56.9,,0.72,
0:11:38,63.1048,1,10,0.5,56.9,,0.72,
0:11:39,63.2244,0,9,0.4,57.3,,0.56,
0:11:39,65.6312,0,9,0.4,57.3,,0.56,
0:11:40,67.8119,0,9,0.4,57.3,,0.56,
0:11:40,69.8812,0,9,0.4,57.3,,0.56,
0:11:41,71.9597,0,9,0.4,57.3,,0.56,
0:11:41,72.8686,0,9,0.4,57.3,,0.56,
0:11:42,70.5219,0,9,0.4,57.3,,0.56,
0:11:42,70.9723,0,9,0.4,57.3,,0.56,
0:11:43,71.1406,0,9,0.4,57.3,,0.56,
0:11:43,70.2247,0,9,0.4,57.3,,0.56,
0:11:44,70.2247,1,10,0.8,58.2,,1.27,
0:11:44,73.3317,1,10,0.8,58.2,,1.27,
0:11:45,71.8735,1,10,0.8,58.2,,1.27,
0:11:45,68.3527,1,10,0.8,58.2,,1.27,
0:11:46,67.446,1,10,0.8,58.2,,1.27,
0:11:46,65.8328,1,10,0.8,58.2,,1.27,
0:11:47,63.9386,1,10,0.8,58.2,,1.27,
0:11:47,63.5593,1,10,0.8,58.2,,1.27,
0:11:48,63.8978,1,10,0.8,58.2,,1.27,
0:11:48,64.2261,1,10,0.8,58.2,,1.27,
0:11:49,64.433,2,11,1.2,59.4,,2.49,
0:11:49,66.1813,2,11,1.2,59.4,,2.49,
0:11:50,68.8547,2,11,1.2,59.4,,2.49,
0:11:50,73.2422,2,11,1.2,59.4,,2.49,
0:11:51,75.5477,2,11,1.2,59.4,,2.49,
0:11:51,77.6197,2,11,1.2,59.4,,2.49,
0:11:52,78.3494,2,11,1.2,59.4,,2.49,
0:11:52,78.329,2,11,1.2,59.4,,2.49,
0:11:53,76.7656,2,11,1.2,59.4,,2.49,
0:11:53,77.7807,2,11,1.2,59.4,,2.49,
0:11:54,79.0514,2,13,1.5,60.9,,3.56,
0:11:54,79.3861,2,13,1.5,60.9,,3.56,
0:11:55,80.5369,2,13,1.5,60.9,,3.56,
0:11:55,82.713,2,13,1.5,60.9,,3.56,
0:11:56,82.5309,2,13,1.5,60.9,,3.56,
0:11:56,82.3723,2,13,1.5,60.9,,3.56,
0:11:57,81.9896,2,13,1.5,60.9,,3.56,
0:11:57,82.0345,2,13,1.5,60.9,,3.56,
0:11:58,81.4996,2,13,1.5,60.9,,3.56,
0:11:58,80.7103,2,13,1.5,60.9,,3.56,
0:11:59,80,2,15,1.1,62,,2.02,
0:11:59,79.5545,2,15,1.1,62,,2.02,
0:12:00,78.4519,2,15,1.1,62,,2.02,
0:12:00,77.2798,2,15,1.1,62,,2.02,
0:12:01,75.6811,2,15,1.1,62,,2.02,
0:12:01,74.664,2,15,1.1,62,,2.02,
0:12:02,73.928,2,15,1.1,62,,2.02,
0:12:02,74.0924,2,15,1.1,62,,2.02,
0:12:03,74.7012,2,15,1.1,62,,2.02,
0:12:03,75.3958,2,15,1.1,62,,2.02,
0:12:04,75.2068,1,16,0.9,62.9,,1.48,
0:12:04,75.3012,1,16,0.9,62.9,,1.48,
0:12:05,75.5287,1,16,0.9,62.9,,1.48,
0:12:05,75.8342,1,16,0.9,62.9,,1.48,
0:12:06,76.746,1,16,0.9,62.9,,1.48,
0:12:06,77.9626,1,16,0.9,62.9,,1.48,
0:12:07,78.2269,1,16,0.9,62.9,,1.48,
0:12:07,78.0031,1,16,0.9,62.9,,1.48,
0:12:08,78.9889,1,16,0.9,62.9,,1.48,
0:12:08,80.6235,1,16,0.9,62.9,,1.48,
0:12:09,78.7608,1,17,0.7,63.6,,1.01,
0:12:09,78.2881,1,17,0.7,63.6,,1.01,
0:12:10,78.4929,1,17,0.7,63.6,,1.01,
0:12:10,77.5795,1,17,0.7,63.6,,1.01,
0:12:11,75.7384,1,17,0.7,63.6,,1.01,
0:12:11,76.746,1,17,0.7,63.6,,1.01,
0:12:12,76.6284,1,17,0.7,63.6,,1.01,
0:12:12,77.2599,1,17,0.7,63.6,,1.01,
0:12:13,78.3085,1,17,0.7,63.6,,1.01,
0:12:13,80.0641,1,17,0.7,63.6,,1.01,
0:12:14,82.4856,1,18,0.6,64.2,,0.74,
0:12:14,83.9396,1,18,0.6,64.2,,0.74,
0:12:15,83.682,1,18,0.6,64.2,,0.74,
0:12:15,82.5764,1,18,0.6,64.2,,0.74,
0:12:16,81.0811,1,18,0.6,64.2,,0.74,
0:12:16,78.6164,1,18,0.6,64.2,,0.74,
0:12:17,76.9823,1,18,0.6,64.2,,0.74,
0:12:17,75.8534,1,18,0.6,64.2,,0.74,
0:12:18,74.4417,1,18,0.6,64.2,,0.74,
0:12:18,72.9395,1,18,0.6,64.2,,0.74,
0:12:19,70.307,0,17,0.3,64.5,,0.39,
0:12:19,67.325,0,17,0.3,64.5,,0.39,
0:12:20,65.8762,0,17,0.3,64.5,,0.39,
0:12:20,65.5165,0,17,0.3,64.5,,0.39,
0:12:21,66.357,0,17,0.3,64.5,,0.39,
0:12:21,69.2361,0,17,0.3,64.5,,0.39,
0:12:22,73.5294,0,17,0.3,64.5,,0.39,
0:12:22,76.4331,0,17,0.3,64.5,,0.39,
0:12:23,77.6398,0,17,0.3,64.5,,0.39,
0:12:23,76.7656,0,17,0.3,64.5,,0.39,
0:12:24,75.2634,0,16,0.4,64.9,,0.47,
0:12:24,73.8189,0,16,0.4,64.9,,0.47,
0:12:25,72.4288,0,16,0.4,64.9,,0.47,
0:12:25,70.2576,0,16,0.4,64.9,,0.47,
0:12:26,67.9964,0,16,0.4,64.9,,0.47,
0:12:26,67.659,0,16,0.4,64.9,,0.47,
0:12:27,68.8705,0,16,0.4,64.9,,0.47,
0:12:27,70.9388,0,16,0.4,64.9,,0.47,
0:12:28,72.692,0,16,0.4,64.9,,0.47,
0:12:28,75.9109,0,16,0.4,64.9,,0.47,
0:12:29,76.8836,1,17,0.5,65.4,,0.63,
0:12:29,75.815,1,17,0.5,65.4,,0.63,
0:12:30,73.8189,1,17,0.5,65.4,,0.63,
0:12:30,74.7943,1,17,0.5,65.4,,0.63,
0:12:31,75.7002,1,17,0.5,65.4,,0.63,
0:12:31,74.331,1,17,0.5,65.4,,0.63,
0:12:32,75.1315,1,17,0.5,65.4,,0.63,
0:12:32,75.6811,1,17,0.5,65.4,,0.63,
0:12:33,75.4527,1,17,0.5,65.4,,0.63,
0:12:33,74.8316,1,17,0.5,65.4,,0.63,
0:12:34,78.3085,0,16,0.4,65.8,,0.45,
0:12:34,79.0514,0,16,0.4,65.8,,0.45,
0:12:35,79.9148,0,16,0.4,65.8,,0.45,
0:12:35,82.4176,0,16,0.4,65.8,,0.45,
0:12:36,86.2565,0,16,0.4,65.8,,0.45,
0:12:36,89.2591,0,16,0.4,65.8,,0.45,
0:12:37,92.2226,0,16,0.4,65.8,,0.45,
0:12:37,91.631,0,16,0.4,65.8,,0.45,
0:12:38,87.2854,0,16,0.4,65.8,,0.45,
0:12:38,82.5083,0,16,0.4,65.8,,0.45,
0:12:39,77.8614,0,15,0.2,66,,0.28,
0:12:39,73.692,0,15,0.2,66,,0.28,
0:12:40,73.5835,0,15,0.2,66,,0.28,
0:12:40,75.4337,0,15,0.2,66,,0.28,
0:12:41,74.9251,0,15,0.2,66,,0.28,
0:12:41,76.8443,0,15,0.2,66,,0.28,
0:12:42,80.9717,0,15,0.2,66,,0.28,
0:12:42,82.6674,0,15,0.2,66,,0.28,
0:12:43,83.0105,0,15,0.2,66,,0.28,
0:12:43,85.0822,0,15,0.2,66,,0.28,
0:12:44,84.3645,0,14,0.3,66.3,,0.35,
0:12:44,82.282,0,14,0.3,66.3,,0.35,
0:12:45,81.4111,0,14,0.3,66.3,,0.35,
0:12:45,80.7754,0,14,0.3,66.3,,0.35,
0:12:46,80.9061,0,14,0.3,66.3,,0.35,
0:12:46,79.8935,0,14,0.3,66.3,,0.35,
0:12:47,79.7872,0,14,0.3,66.3,,0.35,
0:12:47,80.1068,0,14,0.3,66.3,,0.35,
0:12:48,80.0641,0,14,0.3,66.3,,0.35,
0:12:48,79.8509,0,14,0.3,66.3,,0.35,
0:12:49,79.8935,0,13,0.3,66.6,,0.38,
0:12:49,78.637,0,13,0.3,66.6,,0.38,
0:12:50,76.9034,0,13,0.3,66.6,,0.38,
0:12:50,75.7959,0,13,0.3,66.6,,0.38,
0:12:51,74.7198,0,13,0.3,66.6,,0.38,
0:12:51,74.001,0,13,0.3,66.6,,0.38,
0:12:52,73.4574,0,13,0.3,66.6,,0.38,
0:12:52,72.9749,0,13,0.3,66.6,,0.38,
0:12:53,72.6041,0,13,0.3,66.6,,0.38,
0:12:53,72.5338,0,13,0.3,66.6,,0.38,
0:12:54,72.6216,0,12,0.4,67,,0.43,
0:12:54,72.5514,0,12,0.4,67,,0.43,
0:12:55,73.0282,0,12,0.4,67,,0.43,
0:12:55,73.7101,0,12,0.4,67,,0.43,
0:12:56,73.7101,0,12,0.4,67,,0.43,
0:12:56,73.3676,0,12,0.4,67,,0.43,
0:12:57,73.2422,0,12,0.4,67,,0.43,
0:12:57,73.1886,0,12,0.4,67,,0.43,
0:12:58,73.1707,0,12,0.4,67,,0.43,
0:12:58,73.9645,0,12,0.4,67,,0.43,
0:12:59,72.6744,0,11,0.4,67.4,,0.49,
0:12:59,72.6744,0,11,0.4,67.4,,0.49,
0:13:00,72.6744,0,11,0.4,67.4,,0.49,
0:13:00,69.735,0,11,0.4,67.4,,0.49,
0:13:01,65.7462,0,11,0.4,67.4,,0.49,
0:13:01,65.6024,0,11,0.4,67.4,,0.49,
0:13:02,64.7389,0,11,0.4,67.4,,0.49,
0:13:02,63.5459,0,11,0.4,67.4,,0.49,
0:13:03,64.5578,0,11,0.4,67.4,,0.49,
0:13:03,64.9773,0,11,0.4,67.4,,0.49,
0:13:04,66.1521,0,10,0.3,67.7,,0.37,
0:13:04,66.8747,0,10,0.3,67.7,,0.37,
0:13:05,68.0426,0,10,0.3,67.7,,0.37,
0:13:05,69.4766,0,10,0.3,67.7,,0.37,
0:13:06,71.8219,0,10,0.3,67.7,,0.37,
0:13:06,70.738,0,10,0.3,67.7,,0.37,
0:13:07,70.8885,0,10,0.3,67.7,,0.37,
0:13:07,72.0461,0,10,0.3,67.7,,0.37,
0:13:08,73.7826,0,10,0.3,67.7,,0.37,
0:13:08,76.7067,0,10,0.3,67.7,,0.37,
0:13:09,80.3428,0,9,0.2,67.9,,0.24,
0:13:09,82.7815,0,9,0.2,67.9,,0.24,
0:13:10,83.1486,0,9,0.2,67.9,,0.24,
0:13:10,82.4402,0,9,0.2,67.9,,0.24,
0:13:11,81.4332,0,9,0.2,67.9,,0.24,
0:13:11,80.4505,0,9,0.2,67.9,,0.24,
0:13:12,79.5123,0,9,0.2,67.9,,0.24,
0:13:12,80.3428,0,9,0.2,67.9,,0.24,
0:13:13,82.1018,0,9,0.2,67.9,,0.24,
0:13:13,80.2139,0,9,0.2,67.9,,0.24,
0:13:14,79.2602,0,8,0.1,68,,0.07,
0:13:14,78.534,0,8,0.1,68,,0.07,
0:13:15,76.4137,0,8,0.1,68,,0.07,
0:13:15,75.3958,0,8,0.1,68,,0.07,
0:13:16,79.1766,0,8,0.1,68,,0.07,
0:13:16,81.9896,0,8,0.1,68,,0.07,
0:13:17,84.507,0,8,0.1,68,,0.07,
0:13:17,84.1987,0,8,0.1,68,,0.07,
0:13:18,82.4856,0,8,0.1,68,,0.07,
0:13:18,80.171,0,8,0.1,68,,0.07,
0:13:19,78.8436,0,7,0.1,68.1,,0.1,
0:13:19,77.821,0,7,0.1,68.1,,0.1,
0:13:20,79.0514,0,7,0.1,68.1,,0.1,
0:13:20,79.5967,0,7,0.1,68.1,,0.1,
0:13:21,79.8085,0,7,0.1,68.1,,0.1,
0:13:21,79.5123,0,7,0.1,68.1,,0.1,
0:13:22,77.4994,0,7,0.1,68.1,,0.1,
0:13:22,74.7012,0,7,0.1,68.1,,0.1,
0:13:23,73.7644,0,7,0.1,68.1,,0.1,
0:13:23,73.6739,0,7,0.1,68.1,,0.1,
0:13:24,73.3855,0,6,0.1,68.2,,0.1,
0:13:24,74.4602,0,6,0.1,68.2,,0.1,
0:13:25,77.5595,0,6,0.1,68.2,,0.1,
0:13:25,77.1803,0,6,0.1,68.2,,0.1,
0:13:26,75.0939,0,6,0.1,68.2,,0.1,
0:13:26,72.324,0,6,0.1,68.2,,0.1,
0:13:27,69.3963,0,6,0.1,68.2,,0.1,
0:13:27,67.2646,0,6,0.1,68.2,,0.1,
0:13:28,68.3371,0,6,0.1,68.2,,0.1,
0:13:28,71.1406,0,6,0.1,68.2,,0.1,
0:13:29,75.2068,0,5,0.1,68.3,,0.09,
0:13:29,79.5334,0,5,0.1,68.3,,0.09,
0:13:30,81.6549,0,5,0.1,68.3,,0.09,
0:13:30,81.0154,0,5,0.1,68.3,,0.09,
0:13:31,79.9361,0,5,0.1,68.3,,0.09,
0:13:31,79.639,0,5,0.1,68.3,,0.09,
0:13:32,79.766,0,5,0.1,68.3,,0.09,
0:13:32,80.1068,0,5,0.1,68.3,,0.09,
0:13:33,79.4492,0,5,0.1,68.3,,0.09,
0:13:33,79.4281,0,5,0.1,68.3,,0.09,
0:13:34,79.7236,0,4,0.1,68.3,,0.07,
0:13:34,80.9498,0,4,0.1,68.3,,0.07,
0:13:35,81.389,0,4,0.1,68.3,,0.07,
0:13:35,82.4402,0,4,0.1,68.3,,0.07,
0:13:36,81.6104,0,4,0.1,68.3,,0.07,
0:13:36,79.3651,0,4,0.1,68.3,,0.07,
0:13:37,76.5892,0,4,0.1,68.3,,0.07,
0:13:37,73.6196,0,4,0.1,68.3,,0.07,
0:13:38,70.688,0,4,0.1,68.3,,0.07,
0:13:38,69.4766,0,4,0.1,68.3,,0.07,
0:13:39,70.4887,0,3,0.1,68.4,,0.06,
0:13:39,72.7096,0,3,0.1,68.4,,0.06,
0:13:40,76.3942,0,3,0.1,68.4,,0.06,
0:13:40,80.5369,0,3,0.1,68.4,,0.06,
0:13:41,82.8729,0,3,0.1,68.4,,0.06,
0:13:41,82.9417,0,3,0.1,68.4,,0.06,
0:13:42,81.6993,0,3,0.1,68.4,,0.06,
0:13:42,80.4721,0,3,0.1,68.4,,0.06,
0:13:43,79.7236,0,3,0.1,68.4,,0.06,
0:13:43,79.1975,0,3,0.1,68.4,,0.06,
0:13:44,77.7202,0,2,0.4,68.8,,0.51,
0:13:44,75.9686,0,2,0.4,68.8,,0.51,
0:13:45,74.0741,0,2,0.4,68.8,,0.51,
0:13:45,72.3589,0,2,0.4,68.8,,0.51,
0:13:46,71.2589,0,2,0.4,68.8,,0.51,
0:13:46,71.1575,0,2,0.4,68.8,,0.51,
0:13:47,71.5478,0,2,0.4,68.8,,0.51,
0:13:47,72.0634,0,2,0.4,68.8,,0.51,
0:13:48,72.6392,0,2,0.4,68.8,,0.51,
0:13:48,72.5338,0,2,0.4,68.8,,0.51,
0:13:49,73.3855,0,1,0.3,69.1,,0.34,
0:13:49,74.7757,0,1,0.3,69.1,,0.34,
0:13:50,75,0,1,0.3,69.1,,0.34,
0:13:50,74.6269,0,1,0.3,69.1,,0.34,
0:13:51,74.8877,0,1,0.3,69.1,,0.34,
0:13:51,73.8552,0,1,0.3,69.1,,0.34,
0:13:52,72.2195,0,1,0.3,69.1,,0.34,
0:13:52,71.8563,0,1,0.3,69.1,,0.34,
0:13:53,71.9942,0,1,0.3,69.1,,0.34,